"S","E","I","R","H"
48181.65,209.43,119.8,1288188.51695978,229.34
50981.43,313.46,175.12,1295948.55623255,362.29
53471.09,487.51,272.52,1303906.61547734,543.59
55449.47,796.94,427.5,1312182.9947222,858.97
56552.99,1322.66,711.82,1320988.60396698,1387.87
56183.11,2186.63,1185.04,1330740.46321184,2316.39
53684.34,3455.31,1901.71,1341973.05248461,3789.83
52035.62,2883.85,2045.17,1354768.94172947,5358.59
49242.87,3787.93,2182.93,1367239.02097426,5009.79
44416.02,4812.41,2872.47,1381071.02021911,6370.36
38828.26,5281.04,3325.9,1396455.88946391,7908.27
33763.39,5009.06,3342.88,1412494.92873667,8560.92
30176.19,4180.68,2932.92,1428039.63798153,8068.16
28222.31,3219.42,2326.28,1442280.58722632,6739.29
28886.53,1639.15,1448.67,1454793.41647118,5016.91
30966.93,805.94,714.37,1464999.69571597,2699.94
33567.09,419.52,365.78,1473853.71498874,1342.95
36439.89,231.21,193.03,1482061.1442336,701.03
39206.74,244.05,159.86,1490033.79347839,432.27
41985.86,252.79,160.94,1497964.02272324,402.46
44704.64,281.14,174.47,1505922.53196804,419.71
47481.06,229.31,170.51,1513921.07124087,456.24
50158.08,294.11,175.97,1521892.96048566,420.32
52686.54,381.22,221.63,1529950.89973052,495.86
54992.57,508.25,297.03,1538161.60897531,641.4
57279.28,484.5,342.75,1546572.09822017,845.66
59636.24,518.08,296.99,1554946.48749293,784.85
61459.88,778.87,435.66,1563442.55673773,899.3
62584.48,1193,663.96,1572394.69598258,1348.73
62649.29,1830.46,1013.22,1582062.33522737,2067.26
61195.56,2724.56,1530.28,1592824.07447223,3144.63
57883.3,3825.12,2191.79,1605093.43371702,4640.31
52782.72,4885.73,2907.26,1619137.10298986,6416.34
49869.49,3518.56,2676.2,1634367.73223465,7592.85
47523.37,3507.46,2209.36,1647910.96147944,5901.36
44567.45,3637.25,2333.8,1661331.8207243,5780.26
41822.7,3512.3,2322.2,1674932.28996909,5944.88
39653.31,3185.11,2149.72,1688320.51924192,5723.08
38265.44,2734.58,1887.33,1701140.47848671,5157.72
37598.92,2294.37,1596.89,1713256.81773157,4446.69
38450.47,1326.3,1124.73,1724564.66697636,3615.3
40472.14,701.13,595.86,1734416.20622122,2169.04
42927.28,385.52,322.85,1743268.85549399,1155.88
45599.81,220.99,183.99,1751618.88473878,634.51
48233.44,230.48,148.08,1759730.84398363,400.37
50823.65,248.1,154.54,1767835.72322842,383.5
53362.12,275.17,172.6,1775971.29247327,410.99
55922.54,234.02,175.03,1784168.76174605,455.51
58423.81,288.21,171.83,1792335.67099091,420.34
60780.26,365.33,217.43,1800575.6702357,486.09
62945.18,477.68,278.92,1808956.07948056,617.29
65061.56,466.17,327.57,1817521.72872535,797.96
67346.71,446.97,268.17,1826034.34799811,744.1
69191.61,651.2,370.36,1834602.19724297,787.82
70524.67,954.08,538.66,1843517.12648776,1119.62
71120.78,1398.93,790.89,1852943.10573261,1638.92
70644.39,2033.19,1152.5,1863142.79497741,2403.04
68768.87,2865.37,1640.21,1874417.59425018,3471.16
65276.03,3818.55,2234.41,1887082.22349504,4845.42
62823.51,3049.51,2267.34,1900990.02273983,6086.15
60860.71,3171.14,1927.16,1913890.54198468,5068.43
57652.68,3654.84,2258.28,1927002.92122947,5283.83
53975.94,3942.95,2491.34,1940877.66050231,6032.65
50332.04,3928.83,2565.5,1955180.6897471,6450.39
47169.7,3651.13,2457.72,1969447.67899196,6409.73
44802.67,3191.58,2195.45,1983255.69823675,5936.08
44424.21,1919.86,1611.16,1996209.33748161,5078.24
45819.07,994.3,865.34,2007205.02675438,3112.92
47852.3,539.2,456.65,2016754.75599916,1657.16
50238.9,301.84,248.16,2025533.17524402,889.65
52612.27,281.11,188.6,2033959.26448881,521.23
54948.48,282.66,182.2,2042347.07373366,469.57
57275.26,293.56,187.39,2050723.37300644,465.13
59626.36,246.47,185.32,2059140.60225123,482.51
61993.59,261.67,163.56,2067499.10149609,423.33
64281.41,303.39,184.4,2075867.89074088,438.13
66456.41,357.81,217.73,2084324.30998574,507.38
68599.45,337.44,243.21,2092895.3292585,601.46
70929.11,285.19,181.74,2101398.55850335,538.58
73039.56,387.94,227.61,2109858.65774815,498.58
74918.72,520.41,298.2,2118495.606993,657.85
76481.87,702.29,405.11,2127362.8362378,875.56
77596.19,969.22,556.81,2136549.05551057,1196.23
78090.77,1338.95,766.88,2146193.84475543,1644.99
77721.34,1847.87,1065.18,2156475.22400021,2274.31
77502.53,1644.15,1175,2167507.10324507,3020.15
77467.05,1789.98,1051.01,2178239.91248986,2700.16
76176.63,2382.41,1396.12,2189311.96176269,3047.57
73764.49,3060.17,1809.53,2201352.10100749,4010.28
70229.75,3722.28,2240.58,2214512.85025234,5116.86
65811.39,4256.64,2627.6,2228728.99949714,6167.87
61013.64,4499.52,2862.21,2243768.42874193,6982.14
58132.22,3187.75,2525.81,2259017.18801476,7198.33
58074,1808.09,1497.04,2272203.00725955,5109.81
59133.89,1041.6,858.85,2283266.96650441,2979.76
60845.79,612.74,499.22,2293062.7257492,1714.82
62556.34,592.58,380.02,2302210.70499405,1057.65
64153.24,619.19,392.63,2311293.75426683,977.13
65668.98,661.01,415.93,2320432.06351162,1027.13
67251.68,585.8,427.45,2329632.22275648,1086.37
68934.37,589.87,370.61,2338721.47200127,967.6
70418.56,667.4,414.05,2347835.48124613,987.53
71732.8,764.25,470.33,2357087.28051889,1111.78
73039.91,713.98,512.12,2366507.81976374,1269.39
74848.5,505.47,356.29,2375782.73900854,1120.52
76319.38,644.79,388.3,2388687.97300365,919.22
77570.49,780.4,470.54,2397941.31939602,1076.55
78531.08,958.12,569.9,2407426.97675365,1308.42
79113.31,1180.52,707.48,2417213.03827221,1599.92
79217.57,1456.17,869.7,2427402.7547996,1984.72
78793.7,1777.89,1066.24,2438045.44394555,2429.44
79202.34,1264.45,953.78,2449007.43069598,2734.69
79447.11,1433.49,865.61,2459430.51988551,2178.64
79054.16,1742.85,1047.76,2470093.92791228,2404.73
78085.15,2077.61,1260.09,2481279.06964581,2915.38
76516.66,2441.85,1489.51,2493037.47003399,3458.47
74396.37,2774.18,1716.68,2505381.83039411,4045.19
71851.72,3022.29,1904.33,2518297.24053342,4585.15
70907.07,2019.91,1589.24,2531368.89428016,4725.92
71484.43,1231.3,978,2543022.44296407,3275.38
72761.79,765.44,605.31,2553423.49117895,2006.73
74468.44,482.59,379.43,2563084.01088185,1247.18
75908.33,587.22,368.32,2572425.14456536,908.5
77231.97,662.69,412.02,2581870.99776039,982.26
78402.89,755.61,462.64,2591470.12799411,1107.59
79745.54,610.89,462.62,2601193.9471821,1224.37
80899.66,751.31,460.29,2610858.73501929,1112.56
81827.28,889.4,545.26,2620665.69261542,1250.43
82463.03,1051.27,646.02,2630772.07911312,1495.2
83282.67,880.49,656.8,2641117.20561091,1725.1
84503.69,784.8,493.97,2651198.75662128,1417.52
85269.23,964.22,585.62,2661213.72016358,1341.56
85704.9,1161.15,695.41,2671539.23700074,1618.34
85742.01,1397.71,844.56,2682192.54529492,1935.53
85295.44,1676.79,1013.41,2693265.83045219,2342.59
84345.6,1978.13,1203.56,2704797.28854014,2799.66
82870.65,2292.88,1404.73,2716819.72908141,3287.77
82452.47,1626.29,1244.87,2729106.87200122,3575.54
82222.67,1653.28,1028.77,2740559.98490244,2739.87
81468.24,1856.11,1149.67,2751975.02769227,2749.75
80366.43,2053.81,1290.55,2763722.60048203,3076.15
78967.22,2229.39,1404.98,2775733.07774625,3406.05
77355.78,2360.61,1496.1,2788020.77544783,3678.6
75628.94,2429.19,1557.91,2800425.77418109,3875.84
75132.76,1625.98,1290.13,2812778.22183261,3841.7
75975.65,959.85,775.24,2823814.19909743,2621.58
77363.54,575.4,464.39,2833765.99176479,1570.77
79085.36,349.3,279.32,2843024.51459618,943.77
80724.83,380.86,240.91,2851867.80726566,625.46
82281.79,414.41,258.95,2860681.78269926,633.54
83768.68,449.01,284.39,2869414.72043674,685.75
85335.52,373.97,279.55,2878185.66553263,741.16
86868.87,420.13,259.59,2886682.36337631,653.97
88272.69,483.61,295.61,2895235.29121994,704.16
89542.33,565.7,342.44,2903660.84810657,804.06
90879.33,485.67,357.56,2912193.81109806,924.29
92478.78,408.61,259.42,2920368.78673866,775.25
93829.93,499.23,301.82,2928415.2332287,699.84
94996.4,607.23,364.75,2936447.00109259,836.03
95929.54,744.2,446.06,2944545.85268163,1014.52
96576.93,911.1,543.42,2952771.20284842,1246.57
96849.43,1124.84,671.47,2961125.26447592,1524.11
96687.97,1389.5,830.92,2969766.42032693,1880.66
96926.21,1089.67,810.04,2978533.74685907,2218.3
97298.66,1149.35,698.17,2986883.07177576,1809.58
97050.01,1419.36,855.07,2995104.59814899,1938.83
96286.68,1727.82,1041.55,3003772.77454419,2378.57
94969.67,2058.09,1248.56,3012700.19666329,2887.57
93067.42,2409.67,1475.77,3022136.79779356,3430.9
90606.2,2747.21,1694.51,3031951.58065539,4004.08
89059.84,2062.77,1594.4,3042107.4114557,4408.57
89137.28,1302.4,1024.45,3051031.25846081,3331.06
89942.7,828.53,648.92,3058610.36384423,2118.59
91191.45,533.5,415.73,3065320.89833442,1348.33
92291.04,593.58,365.63,3071455.08321673,940.5
93214.93,677.03,414.66,3077588.84859443,989.59
93961.13,777.96,480.55,3083626.63790689,1128.08
94749.21,699.81,511.33,3089834.10755216,1292.92
95522.96,781.5,478.31,3095667.97617177,1196.8
96004.74,924.23,563.51,3101614.55479134,1306.95
96207.62,1083.5,663.79,3107561.22632644,1545.76
96477.34,977.21,707.97,3113713.80920339,1798.4
97337.81,774.57,505.61,3119422.71369526,1537.84
97747.2,942.4,572.8,3124842.12280904,1341.96
97903.59,1103.91,671.56,3130347.45378178,1570.05
97723.14,1294.88,792.43,3135988.41955961,1839.24
97165.5,1518.68,928.36,3141869.54290722,2166.99
96225.09,1741.18,1079.62,3147923.29286117,2530.69
94886.74,1987.89,1226.64,3154316.39452163,2903.45
94182.95,1511.28,1154.88,3160776.60616169,3196.32
94055.95,1385.42,874.32,3166518.07780174,2479.83
93419.8,1546,964.04,3171848.88296563,2315.16
92517.65,1701.48,1066.84,3177427.96380194,2567.69
91361.16,1855.6,1166.25,3183055.4467245,2823.61
89976.46,1990.42,1255.08,3188885.07426891,3071.01
88415.95,2092.31,1336.31,3194770.60093009,3281.16
87581.56,1561.46,1214.4,3200665.90270428,3390.38
88061.18,937.57,746.14,3205574.22906993,2504.59
89079.76,568.18,456.48,3209368.63256108,1525.97
90415.43,352.31,279.7,3212513.11459878,929.5
91729.98,356.52,225.11,3215154.86733008,606.51
92941.98,390.07,244.31,3217773.37101662,593.13
94083.42,428.85,269.56,3220232.02049826,649.74
95234.68,390.89,284.38,3222768.01997994,717.62
96447.96,403.09,249.37,3225025.00552271,650.92
97504.16,464.39,285.77,3227299.62926506,676.01
98445.2,533.98,326.95,3229505.32589973,772.69
99372.98,502.65,361.16,3231773.80141427,888.23
100654.7,352.84,253.83,3233820.96295712,787.23
101700.25,447.71,271.34,3235639.22902141,648.12
102607.51,537.84,327.78,3237475.96214514,749.63
103314.8,649.6,395.32,3239350.04261311,901.65
103780.69,788.86,477.95,3241376.53341113,1093.22
103970.03,955.05,574.72,3243477.03338335,1326.01
103835.53,1146.49,691.09,3245846.69135065,1593.36
103806.9,1010.95,735.66,3248318.87594831,1883.5
104236.99,899.88,560.2,3250527.90055213,1613.55
104172.53,1090.35,660.57,3252485.61492164,1525.81
103748.93,1299.96,790.97,3254729.22925881,1823.96
102912,1545.13,942.28,3257200.10490019,2178.44
101636.2,1810.94,1107.74,3260019.7540917,2573.71
99892.6,2087.8,1283.57,3263192.41050362,3010.34
98371.1,1817.55,1347.42,3266718.17966354,3438.01
98310.14,1145.48,900.65,3269636.0363302,2878.33
98846.49,751.12,580.02,3271442.95057265,1877.52
99775.11,487.44,378.29,3272579.09699334,1219.11
100670.07,515.18,316.48,3273184.54143685,827.01
101320.73,611.53,373.11,3273846.5471055,863.45
101783.75,725.61,442.57,3274512.03685654,1022.74
102105.47,770.42,518.12,3275382.00660759,1219.9
102626.83,761.63,462.95,3276114.9014442,1206.08
102768.32,916.5,554.24,3276892.67162383,1272.27
102583.87,1104.55,666.05,3277851.479811,1532.09
102215.08,1170.29,789.56,3279057.46552772,1835.78
102730.48,747.79,576.94,3280140.14808015,1770.87
102673.63,989.94,605.27,3280821.29501161,1427.52
102390.47,1159.89,709.58,3281686.23310617,1656.85
101786.58,1356.43,828.99,3282743.18916881,1942.72
100855.92,1563.43,956.41,3284092.3466968,2254.51
99576.38,1769.77,1092.04,3285678.73036768,2594.48
97981.49,1968.01,1223.8,3287592.43403857,2934.19
96746.86,1646.51,1235.17,3289675.97002478,3225.88
96559.41,1284.11,847.24,3291147.91978076,2619.04
95878.04,1416.29,892.91,3292099.89954965,2185.38
95054.28,1527.32,963.3,3293167.32386762,2351.04
94058.57,1639.41,1038.77,3294337.24035681,2527.56
92908.6,1748.22,1103.44,3295635.28771463,2708.57
91608.67,1848.68,1167.83,3297049.06385969,2885.96
90630.6,1569.64,1166.33,3298531.26273254,3026.75
91026.21,931.85,750.31,3299388.71146956,2453.44
91971.11,575.25,457.69,3299224.21033521,1526.19
93265.19,355.11,282.81,3298448.57460016,938.46
94660.54,320.6,203.6,3297211.27193555,592.31
95975.89,355.24,222.21,3295886.99927094,535.88
97234.2,402.74,246.59,3294526.73894589,595.36
98460.23,432.57,284.55,3293195.95322795,664.8
99870.44,392.78,242.3,3291774.69277905,660.17
101114.88,469.15,282.82,3290300.66248471,664.2
102249.86,559.25,339.27,3288866.64484822,780.93
103244.99,638.22,406.78,3287542.15845437,937.05
104755.67,410.72,308.68,3286148.78232141,944.77
106006.78,538.57,321.44,3284509.48113634,760.94
107081.29,664.37,398.32,3282971.67635567,903.16
107913.13,828.8,494.73,3281571.83301734,1122.4
108440.19,1035.35,617.78,3280405.57455914,1389.14
108612.43,1278.09,758.92,3279487.74453547,1734.84
108323.09,1567.44,940.48,3278944.46451085,2131.85
107967.18,1518.31,1075.94,3278809.23320475,2609.47
108560.66,1218.68,786.12,3278393.98196439,2376.24
108444.66,1517.74,909.33,3277645.5165424,2110.54
107866.13,1817.37,1101.84,3277276.20955405,2528.82
106712.25,2177.66,1320.25,3277375.09206133,3043.65
104918.64,2581.74,1571,3278018.7347935,3639.84
102422.66,3017.81,1843.2,3279299.32727903,4304.39
99850.13,2922.66,2061.69,3281218.9752004,4999.17
99633.67,1837.02,1425.38,3282622.72970954,4505.27
100357.28,1205.08,932.51,3282465.01828733,2991.09
101721.18,804.56,615.77,3281259.46686658,1969.02
103215.88,766.08,470.51,3279365.26157221,1328.23
104288.9,947.69,563.86,3277434.03627784,1302.76
104976.26,1184.28,707.53,3275767.2325687,1587.25
105156.25,1494.75,888.05,3274493.70886784,2001.25
105839.56,1378.44,828.76,3273374.15879045,2177.33
105608.13,1758.58,1040.02,3272397.38215492,2340.86
104681.89,2182.72,1303.7,3272014.58775578,2950.06
103023.14,2626.36,1588.59,3272318.77365251,3641.42
103352.76,1616.62,1230.86,3272729.04716149,3769.49
102950.36,1908.46,1179.33,3272260.02225695,2889.53
102050.06,2185.82,1352.45,3272078.14614273,3190.02
100712.96,2455.75,1521.9,3272340.26189452,3637.23
99018.26,2675.92,1679.83,3273021.25764631,4059.8
97011.58,2868.95,1810.65,3274063.91039936,4427.51
94731.68,3043.35,1925.14,3275414.52946263,4728.71
92730.73,2715.64,1968.14,3277055.82662504,5017.28
92830.18,1828.99,1299.43,3277866.26165518,4198.93
92136.47,2044.7,1298.09,3277696.85942029,3218.67
91227.31,2202,1382.52,3277713.433071,3396.18
90053.14,2356.64,1493.27,3277968.89763371,3632.16
88618.23,2511,1587.55,3278498.63256354,3903.05
87029.31,2610.14,1661.42,3279256.46011884,4121.47
85649.93,2376.27,1696.77,3280171.84898147,4283.62
86348.38,1350.3,1093.03,3280440.06572262,3618.89
87796.82,809.1,651.03,3279306.04117345,2206.34
89717.22,491.13,392.77,3277293.08662427,1320.15
91780.05,399.78,261.82,3274777.78799315,810.46
93698.67,440.47,275.39,3272129.55268732,674.51
95533.26,483.59,301.97,3269544.84828728,730.98
97242.09,541.95,336.57,3267060.83488018,802.73
99177.67,448.9,285.22,3264583.40090977,805.64
100874.47,525.22,321.06,3262085.0520568,759.09
102419.02,614.52,376.45,3259703.52470923,878.47
103747.9,728.44,449.1,3257491.22306371,1026.39
105539.38,474.46,359.52,3255344.79890833,1087.79
107202.71,539.14,324.89,3252946.85554352,816.93
108589.11,672.47,399.44,3250647.70011196,905.56
109685.79,835.97,499.19,3248575.43975253,1124.7
110384.54,1056.89,630.57,3246812.05939124,1410.34
110606.37,1344.31,794.95,3245419.36631884,1781.39
110226.93,1692.62,1002,3244523.34210526,2252.58
109241.44,1994.39,1260.31,3244223.26391588,2841.83
109650.83,1315.52,987.98,3244037.18898891,2946.89
108888.07,1845.14,1093.11,3243433.28120986,2518.09
107438.56,2294.96,1366.14,3243424.26871017,3093.02
105115.24,2806.05,1690.01,3244174.27687443,3844.05
101843.04,3373.83,2041.23,3245784.00994252,4700.01
97737.88,3874.81,2378.24,3248306.38957725,5605.36
93230.08,4019.18,2662.74,3251634.05135189,6388.47
92081.11,2346.74,1859.93,3254507.00312849,5936.47
92151.67,1455.89,1156.8,3255271.38161213,3822.5
93034.43,912.18,724.56,3254605.49523796,2382.54
94228.74,737.71,483.08,3253061.63939104,1498.53
95093.95,843.15,522.52,3251284.65800458,1256.85
95766.32,956.89,589.01,3249660.10335631,1402.45
96201.29,1101.64,674.97,3248219.71010226,1593.25
97120.27,874.95,575.23,3246848.74218189,1657.78
97615.99,1038.64,636.55,3245345.47019899,1509.37
97867.49,1187.68,729.49,3244067.10453566,1730.44
97873.69,1336.83,833.01,3243017.85696231,1969.81
98604.57,900.28,695.88,3242069.30235682,2064.28
99425.72,911.83,568.19,3240566.09851182,1518.16
99932.27,1035.07,633.79,3239072.5146668,1525.14
100186.96,1178.97,720.44,3237781.76630352,1716.95
100149.65,1348.98,833.95,3236729.67019304,1953.56
99779.82,1547.81,955.91,3235966.96550518,2249.89
99027.5,1777.51,1091.52,3235540.54731746,2581.96
97858.86,2018.44,1247.02,3235494.874193,2953.64
98249.82,1215.51,943.51,3235389.53411022,2906.01
97977.46,1472.12,908.67,3234616.20043498,2235.46
97357.25,1684.58,1039.66,3234064.89864145,2458.39
96355.44,1915.05,1182.67,3233863.36230763,2803.39
94956.86,2149.89,1340.82,3234033.79898735,3179.21
93188.81,2372.65,1482.34,3234601.85788062,3568.46
91118.81,2554.27,1614.71,3235515.77321569,3913.65
90958.03,1521.04,1200.03,3236282.36855295,3770.01
91678.22,936.79,747.93,3235750.27940314,2468.87
92927.72,590.16,464.46,3234281.99358223,1535.06
94444.03,428.1,296.97,3232241.48561956,962.78
95753.91,492.81,307.73,3230000.60882227,754.41
96957.98,561.59,347.88,3227828.45993466,822.19
98023.92,645.96,396.26,3225767.75234977,936.03
99290.31,531.83,359.17,3223788.13042522,1013.4
100312.99,653.23,398.76,3221736.10223478,941.02
101149.9,772.41,471.62,3219837.49515895,1093.1
101712.98,925.14,563.63,3218155.12654693,1297.27
102656.54,681.36,518.8,3216625.41444992,1456.32
103677.53,708.3,433.64,3214782.11825826,1142.57
107647.04,353.41,208.07,3210512.54206658,466.08
105977.04,464.71,273.48,3211120.55487828,621.33
108949.25,682.5,399.8,3206918.19457922,884.23
110113.21,935.98,547.96,3204463.12504539,1198.21
110333.03,1185.07,699.74,3202951.40676848,1532.35
109903.38,1403.19,817.13,3202152.22781071,1813.25
108256.42,831.04,614.21,3203678.7676835,1785.9
108551.82,1084.25,641.87,3202205.67222571,1494.46
108452.58,1387.02,810.36,3200934.22638274,1825.28
107603.49,1759.84,1038.67,3200282.19734881,2317.56
106066.63,2203.04,1309.94,3200201.75191729,2921.61
103891.57,2667.69,1597.25,3200722.01648342,3605.91
100764.27,3193.27,1934.32,3202080.97333838,4417.11
99951.13,2087.49,1591.64,3203436.85444819,4681.22
100098.75,1377.88,1062.46,3203620.37970455,3349.84
100908.63,915.7,704.94,3202722.12348554,2228.09
102050.56,664.3,470.78,3201156.50006464,1486.6
102827.12,853.91,513.24,3199237.96264637,1187.18
103290.16,1031.65,617.46,3197582.44347684,1411.69
102871.34,1107.03,662.19,3196969.94098917,1510.23
102972.3,887.56,616.6,3196222.59899255,1677.27
103108.68,1127.69,681.01,3194869.687563,1580.58
103223.49,1302.84,785.26,3193563.45566318,1788.1
103108.81,1573.58,944.67,3192335.74142603,2161.95
103056.3,1216.41,907.07,3191870.77718887,2488.53
103511.33,1174,712.86,3190740.30190021,1897.53
103131.12,1448.67,869.49,3189777.15673833,1987.54
102532.29,1669.27,1005.54,3189107.50863846,2294.71
100898.04,2077.1,1256.93,3189170.77747523,2886.06
98546.13,2503.25,1521.18,3189920.71455348,3541.93
95493.31,2895.47,1796.12,3191394.92806259,4209.52
91054.4,3356.76,2113.45,3194143.9137931,5113.71
89462.91,2095,1661.02,3196538.48265094,5123.94
87428.32,2247.69,1436.06,3197734.32051503,3810.71
85640.5,2283.78,1470.2,3198541.15539796,3696.23
84036.94,2254.27,1464,3199269.6988698,3709.29
83861.76,2142.38,1387.6,3198722.79045151,3510.17
82870.78,2057.06,1352.69,3198923.62203559,3420.52
81721.78,1981.33,1307.49,3199283.53196905,3369.31
81879.86,1183.59,959.87,3199360.83093068,3035.26
82942.64,675.92,555.78,3198300.13410116,1911.59
84426.17,392.24,318.86,3196427.64111433,1107.65
86201,225.47,182.5,3194046.62099823,624.9
87887.23,246,157.25,3191455.98674374,407.71
89470.46,259.63,165.55,3188941.87681756,411.56
91041.3,250.14,160.04,3186477.37196943,385.83
92763.25,181.57,138.57,3183936.89570735,393.4
94480.76,208.39,128.05,3181294.90094195,318.5
96164.71,207.95,130.25,3178701.02182527,307.3
97823.01,227.51,139.69,3176106.03781867,328.93
99645.08,162.27,120.75,3173460.46381208,328.78
101481.08,137.04,83.89,3170779.30734575,243.85
103030.32,197.9,120.12,3168225.80380557,267.06
104531.76,255.77,151.64,3165728.12559463,347.24
105979.89,321.88,191.53,3163267.29835347,427.12
107283.66,410.02,242.07,3160918.37054324,540.11
108379.62,531.35,314.72,3158722.16446223,692.22
109185.75,698.82,407.09,3156750.05763349,902.56
110198.97,558.99,408.16,3154969.71758122,1104.08
111134.67,668.95,389.1,3153037.29231488,949.17
111616.34,896.59,520.03,3151291.51315282,1134.37
111581.09,1206.9,697.71,3149933.23398839,1515.48
110847.65,1624.23,943.24,3149098.56661905,2047.49
105717.74,2590.87,1526.49,3151773.34321071,3382.05
102254.72,3236.58,1926.76,3153285.34342913,4357.48
101221.51,2336.6,1749.3,3154491.00063833,4877.66
101256.96,1573.44,1193.01,3154870.13902303,3727.76
101543.67,1078.96,816.43,3154549.70171362,2559.82
102576.73,721.41,540.98,3153244.92885006,1689.22
102993.94,934.09,561.77,3151689.62188557,1317.86
103305.23,1116.06,672.02,3150181.51835219,1515.47
103024.75,1379.94,822.64,3149142.98659407,1863.11
103023.06,1161.31,860.4,3148421.04297175,2215.33
102666.64,1477.48,880.18,3147537.07128857,2082.99
101903.58,1772.29,1057.38,3146923.6796054,2400.57
100622.58,2096.01,1256.68,3146777.24141114,2886.15
99730.2,1780.67,1308.72,3147028.50466171,3356.54
99668.74,1496.5,949.32,3146829.23946479,2817.98
98606.54,1747.64,1070.67,3146614.69101559,2472.7
97178.75,2058.16,1253.93,3146645.03967191,2919.62
95381.04,2316.11,1429.28,3147106.19687412,3350.23
93120.45,2588.59,1614.86,3148006.32657953,3820.69
91133.49,2734,1712.84,3148848.67528432,4101.83
88654.39,2897.2,1825.6,3150151.34467873,4434.18
87439.85,1981.59,1558.65,3151650.28073759,4511.72
87105.27,1758.43,1131.66,3151737.13845399,3221.62
86237.16,1808.25,1161.55,3151631.45771606,2890.17
85294.51,1834.64,1177.23,3151637.95698046,2953.44
84344.59,1821.51,1176.77,3151711.97071094,2964.17
83179.21,1789.74,1162.47,3152034.44903208,2945.68
81958.64,1601.84,1045.22,3152675.63420644,2670.49
81903.36,1105.66,884.39,3152505.08743346,2585.64
83545.44,586.83,476.37,3150910.95268707,1638.53
85085.78,330.83,272.11,3148955.19667607,915.7
86749.35,200.84,161.56,3146659.56064414,543.73
88419.48,201.15,127.52,3144155.67124398,343.74
90055.53,194.19,120.01,3141668.45255947,296.61
91815.73,195.4,122.37,3139046.40562164,300.95
93649.19,146.69,108.83,3136417.19292438,275.42
95410.86,157.03,93.81,3133812.16430036,241.67
96966.59,192.34,117.53,3131349.36567635,273.8
97750.77,312.43,189.17,3129535.02176225,442.16
99169.17,289.19,211.98,3127280.27730321,523.36
100770.42,235.83,152.05,3124963.83447893,459.55
101987.01,327.39,197.08,3122786.09927111,447.14
103078.36,488.96,289.94,3120622.2672518,654.37
104014.35,613.57,365.5,3118674.4433182,817.86
104679.6,773.16,457.41,3116950.48674237,1032.85
104983.47,986.81,579.64,3115512.56534686,1304.02
104850.72,1253.26,745.59,3114416.94610696,1654.5
104905.98,1064.46,778.3,3113733.6985073,2043.8
105169.73,1110.09,660.54,3112758.00090559,1750.39
104732.49,1434.52,839.46,3111922.24595001,1882.77
101956.16,2088.67,1247.69,3112866.81340609,2786.26
99543.6,2578.58,1544.24,3113735.89083129,3532.15
96361.23,3051.01,1860.69,3115375.29460274,4303.91
92631.25,3492.21,2159.37,3117621.38629942,5104.32
90357.82,2634.71,2013.41,3120160.08764612,5471.76
90066.05,1622.52,1281.28,3121465.57551077,4152.1
90506.44,1017.65,810.42,3121379.2256926,2641.69
91872.84,625.43,493.02,3120005.64161578,1612.37
92816.68,654.9,407.49,3118413.27189053,1082.83
93612.04,726.21,449.35,3116802.12776476,1070.88
94364.23,800.13,489.49,3115248.98939599,1157.2
95285,652.77,473.43,3113804.75102721,1172.92
96312.09,647.86,395.75,3112190.52135956,1004.62
97035.6,756.4,456.36,3110629.27560357,1067.83
97577.85,862.91,525.4,3109257.32093184,1222.75
98125.72,811.22,581.48,3108055.37905176,1402.93
99274.95,596.48,401.68,3106662.41927074,1230.93
99768.44,777.99,469.92,3105288.86337695,1100.77
99595.74,1018.69,611.06,3104457.40859851,1403.47
99120.55,1227.56,738.11,3103985.63421224,1700.67
98493.52,1484.65,896.11,3103591.1193151,2071.12
96756.58,1900.84,1155.94,3104060.03280962,2688.5
94904.63,2209.12,1355.18,3104813.71551759,3162.07
93377.58,1845.77,1393.07,3106093.02326488,3723.16
92497.76,1705.12,1086.11,3106847.25101365,3168.95
90987.72,1969.5,1221.91,3107400.4896801,2945.72
89205.21,2168.21,1359.3,3108292.26805664,3294.49
87215.55,2322.42,1471.23,3109474.33615266,3607.67
85136.78,2413.67,1547.2,3110849.59152883,3814.74
83136.06,2443.9,1576.72,3112264.12678005,3955.93
82849.94,1756.75,1363.94,3112931.98553212,3800.48
83584.65,996.19,810.29,3112999.91566404,2707.49
84623.93,598.74,482.7,3112185.35416409,1629.63
86132.31,359.15,288.15,3110614.25690098,960.6
87570.08,338.91,215.73,3108786.46152231,603.1
88963.07,360.08,225.84,3106879.8945922,553.37
90319.4,375.41,236.06,3105032.73170827,570.64
91808.84,324.68,227.11,3103137.68882435,580.02
93312.95,309.47,195.83,3101229.34881854,509.93
94721.51,354.54,216.74,3099306.69480282,512.35
96155.01,385.07,232.41,3097390.2969544,551.22
97743.04,357.61,250.73,3095380.2281802,602.85
99343.4,212.21,159.17,3093594.02067047,507.4
100820.29,284.67,174.33,3091615.0744241,400.27
102341.06,323.89,193.77,3089626.65497997,433.25
103892.28,358.66,212.15,3087624.56220668,488.22
105097.31,462.37,273,3085859.78809938,604.71
106350.93,527.74,310,3084122.80065493,682.93
107357.95,647.01,375.76,3082549.7532095,829.58
108323.41,620.79,432.89,3081188.74935308,1030.34
109656.83,546.63,330.11,3079668.0090945,920.16
110431.26,749.76,431.48,3078238.27788826,936.53
110725.63,1029.6,590.04,3077157.99667256,1265.34
109349.37,1611.67,931.24,3077274.02584379,1997.91
107400.65,2218.38,1294.38,3077922.14552785,2808.01
104552.02,2897.82,1707.7,3079354.90280652,3750.42
102206.14,2692.62,1923.67,3081376.03524733,4646.8
102237.42,1782.69,1347.56,3082521.53836077,4114.17
102345.63,1243.71,933.65,3083069.02541534,2879.07
103465.5,806.84,606.41,3082417.872091,1882.36
104140.57,889.37,528.7,3081457.58561622,1360.1
104332.81,1136.12,670.75,3080596.14914144,1472.4
103992.56,1438.3,853.64,3080186.61543665,1888.34
103500.31,1567.45,1030.14,3080109.6272895,2307.91
103540.82,1544.68,919.83,3079951.37446039,2301.88
102404.15,1936.3,1152.77,3080216.71649789,2576.47
97362.84,2862.24,1730.37,3083517.56227397,3976.87
93406.75,3258.43,2122.34,3086455.55635299,4945.56
92376.98,1991.22,1546.09,3089105.67974236,4842.54
89884.56,2421.43,1518,3090982.6717069,3794.63
87586.72,2606.28,1641.4,3092762.63520362,4006.82
85106.39,2717.62,1731.86,3094843.41684944,4300.07
82553.08,2765.92,1780.28,3097103.15071169,4469.41
80065.26,2721.57,1784.1,3099448.02782038,4538.29
77781.12,2616.26,1725.21,3101712.89492859,4458.61
76311.26,2008.24,1554.8,3103789.25336662,4262.52
75581.15,1331.02,967.56,3105613.34172037,3299.69
75440.13,1276.88,849.94,3105764.00223647,2304.89
75590.65,1238.06,828.82,3105514.64761749,2200.79
75621.23,1149.94,767.34,3105480.5231764,2034
75876,1062.7,709.25,3105222.73136681,1877.35
76462.23,965.36,639.05,3104659.03493453,1691.71
77388.82,765.5,577.44,3103854.70171654,1556.38
79093.21,384.05,317.16,3102654.33625783,1074.02
80891.67,227.65,184.77,3101013.30741331,638.01
82808.52,127.35,102.59,3099147.69589333,354.47
84697.6,99.82,66.01,3097197.93720509,203.53
86472.87,90.7,57.53,3095315.47851686,141.96
88352.5,94.71,59.64,3093309.39983892,145.48
90278.6,86.96,56.6,3091274.58708851,135.55
92051.16,115.42,73.61,3089339.73406184,207.78
93836.63,141.14,86.17,3087400.48303207,201.27
95656.94,137.09,85,3085471.23862183,196.74
97539.25,132.19,80.62,3083485.42509454,190.29
99544.39,74.01,56.75,3081450.07468259,166.78
101460.58,89.76,53.46,3079410.26862616,128.8
102980.63,172.74,103.61,3077646.1261772,231.34
104678.4,214.47,127.34,3075773.05430478,286.44
106132.48,310.42,181.5,3074059.02243236,399.96
107248.03,460.55,267.39,3072598.7736318,594.4
107768.01,724.2,423.29,3071550.59684269,923.26
108310.41,829,555.1,3070663.79987898,1248.56
110150.98,608.85,393.96,3069096.9490725,1156.38
110718.1,886.46,507.39,3068031.81631725,1106.33
110808.54,1204.44,692.88,3067331.29239249,1484.56
110132.02,1651.19,954.61,3067193.09621757,2041.61
108354.88,2260.27,1314.43,3067895.56007435,2836.54
105265.09,3028.81,1771.65,3069654.01285164,3876.8
101569.26,3374.51,2225.54,3072445.19538903,5051.12
100564.75,2196.92,1654.18,3075093.65949014,4993.63
100515.45,1497.07,1134.98,3076257.55160746,3516.43
100952.49,1041.71,792.91,3076513.48372479,2446.5
101719.87,971.71,598.44,3075906.56200139,1704.17
102160.16,1202.6,714.3,3075015.54459796,1617.13
101888.75,1500.01,891.38,3074708.75984148,2007.93
101088.31,1974.29,1177.95,3074644.73381661,2650.13
100195.23,1872.56,1155.85,3075558.16839946,3092.88
98345.93,2317.13,1392.54,3076622.83465251,3197.94
95663.08,2756.24,1679.89,3078475.9009463,3863.43
92344.35,3228.92,1987.08,3080911.51037628,4673.88
91307.2,1987.77,1553.45,3083520.18980654,4750.63
89993.34,2130.63,1338.01,3084803.37923678,3441.63
87470.09,2467.54,1551.6,3086672.87866704,3780.88
85344.68,2610.03,1658.86,3088445.28809729,4067.71
82815.46,2703.55,1736.26,3090700.33752728,4328.75
80557.02,2806.18,1823.21,3092665.94695752,4627.12
78167.61,2707.33,1782.7,3095091.46638777,4609.97
76238.76,2308.94,1685.12,3097413.03581803,4459.16
77222.78,1244.87,961.99,3098112.96524828,3275.73
77239.94,1244.1,824.43,3098130.88467827,2220.9
77478.54,1174.29,775.01,3097908.26410851,2028.86
77838.83,1102.71,725.9,3097565.41353877,1900.7
78439.73,1022.56,672.49,3096994.82296902,1749.53
79337.25,926.99,607.18,3096154.93239927,1561.66
80075.65,840.32,583.17,3095423.96182926,1511.77
81630.59,457.45,371.18,3094360.63125951,1230.24
83430.63,264.76,213.97,3092807.24068976,728.24
85386.8,157,124.39,3090945.16012001,420.2
87434.19,113.72,77.98,3088884.20955027,243.08
89515.18,110.54,68.78,3086712.34898025,172.37
91629.98,98.5,61.67,3084513.44841049,151.63
93680.06,82.97,51.05,3082386.26784075,121.9
95759.81,63.6,40.88,3080232.807271,117.16
97779.36,70.96,43.95,3078099.57670126,102.89
99795.84,82.44,49.37,3075962.94613124,112.57
101839.22,85.01,50.69,3073812.4255615,113.92
104014.22,46.06,34.67,3071589.14499174,98.68
106199.21,48.44,28.28,3069304.91442199,72.16
108225.74,62.46,35.52,3067153.87385225,81
110303.14,58.11,34.49,3064978.60328223,74.01
112361.93,89.23,51.75,3062768.18271248,106.85
114248.04,146.04,83.3,3060690.46214274,173.4
116034.74,206.89,115.76,3058707.20157299,240.78
117924.3,228.53,128.41,3056680.10100324,268.31
119721.58,164.25,115.61,3054856.65043322,329.48
121414.43,266.3,147.71,3052926.39986348,311.81
122883.09,409.77,224.3,3051134.42929372,458.35
124373.12,529.06,289.94,3049356.21872398,583.71
125591.14,736.43,400.76,3047716.75815423,796.26
125994.04,1106.45,600.14,3046641.20758422,1196.98
125263.1,1740.05,950.08,3046285.35701447,1895.94
125414.86,1325.37,915.76,3046479.34644472,2465.39
125851.48,1101.84,763.47,3046315.29587497,2135.62
126929.99,877.56,606.86,3045514.42530522,1686.15
127864.33,901.04,524.09,3044536.12473521,1392.32
127546.27,1504.57,813.94,3043857.55416546,1622.35
126404.28,2217.06,1206.77,3043790.97359571,2381.79
122959.48,3447.94,1890.18,3045218.23302597,3769.77
119510.76,3600.73,2131.9,3048169.19245622,5308.97
112874.53,5320.78,3010.49,3052103.5318862,6300.32
103509.66,7000.24,4102.52,3058593.66131645,8875.39
92002.41,8239.31,5057.18,3067803.93074671,11576.72
85289.24,5505.94,4319.67,3077884.73017695,12697.11
80916.75,4776.52,3139.82,3084063.23960721,8991.43
75566.71,4475.79,2985.44,3089765.13903719,7764.64
71181.88,3989.37,2709.6,3094808.97846744,7301.93
67856.34,3378.81,2341.34,3099010.08789769,6467.98
65270.34,2769.27,1957.88,3102485.83732795,5531.44
63894.47,2206.03,1572.52,3104707.0567582,4497.75
63260.38,1744.29,1246.33,3106025.82618818,3592.61
64250.79,833.39,731.26,3106358.13561844,2604.87
65350.79,678.03,486.85,3105554.65504869,1469.24
66635.88,555.48,389.84,3104385.87447893,1115.94
68064.86,461.82,322.19,3103014.95390919,904.9
69599.06,391.13,271.82,3101498.56333917,754.93
71232.12,339.33,232.51,3099853.36276943,643.15
71304.64,398.67,276.61,3099574.15219968,759.46
73127.21,216.37,183.76,3097923.48162994,609.64
75134.59,120.22,99.79,3095992.97106018,361.41
77211.49,66.64,56.27,3093909.92049018,194.67
79215.15,47.74,38.18,3091839.99992042,130.49
81212.45,56.74,37.6,3089731.02935067,96.64
83303.25,58.16,37.3,3087535.85878092,92.46
85203.63,88.24,56.13,3085483.31821117,140.65
87200.34,69.78,50.45,3083407.49764116,153.95
89457.06,71.55,45.02,3081051.18707141,109.5
91505.78,81.35,49.55,3078884.88650167,120.76
93551.48,90.48,55.54,3076720.81593192,132.87
95698.99,56.86,43.57,3074515.64536216,120.89
97843.93,49.07,30.17,3072288.64479215,81.84
99963.87,71.12,43.33,3070030.2442224,97.64
102034.83,88.38,54.43,3067827.67365266,119.45
103972.88,132.27,76.88,3065720.03308291,174.59
105738.47,198.21,117.09,3063745.04251317,258.64
107363.42,247.7,145.08,3061939.36194314,310.71
109066.5,282.59,162.5,3060080.72137339,363.56
110923.13,216.05,155.55,3058194.33080365,435.31
112654.08,292.09,166.52,3056273.1202339,381.66
114160.34,416.97,236.29,3054468.95966415,498.97
114947.32,721.26,405.57,3053105.15909413,857.17
115047.91,1133.99,642.34,3052251.81852439,1338.5
114564.23,1622.29,922.48,3051863.80795464,1929.24
113972.62,2094.54,1184.45,3051617.94738489,2494.22
113058.88,1782.13,1279.73,3052645.56681515,3437.39
113681.18,1272.19,913.68,3052796.00624512,2709.42
114378.94,996.88,715.08,3052468.90567538,2092.54
115361.72,747.01,541.1,3051806.72510563,1567.5
115504.73,1224.97,693.87,3050929.73453589,1486.22
114917.66,1746.9,985.23,3050600.26396614,2061.12
113280.21,2448.86,1388.24,3051029.49339611,2919.27
111553.05,2233.45,1587.67,3052669.38282637,3986.59
108254.83,3310.74,1908.4,3054466.33225662,4218.82
103663.48,4245.45,2490.44,3057437.68168688,5465.53
97751.73,5147.35,3092.41,3061742.31111712,6955.54
93151.98,3976.16,3005.43,3067496.98054712,8162.72
90174.45,3519.69,2238.77,3071594.38997736,6443.07
86105.95,3807.92,2408.71,3075101.46940761,5861.11
82031.13,3865.53,2495.44,3078928.69883787,6199.86
78715.79,3660.72,2402.45,3082438.58826812,6111.04
75083.76,3446.46,2303.73,3086280.3476981,6029.93
71630.77,3126.86,2124.98,3090128.43712835,5713.77
68599.41,2728.16,1879.69,3093700.53655861,5179.3
68211.12,1483.46,1270.47,3095839.49598886,4227.05
68535.41,1170.2,819.74,3096175.9454191,2508.05
69152.21,1000.05,692.24,3095753.5448491,1923.05
69616.15,893.88,619.57,3095365.19427934,1709.5
70598.1,779.61,532.93,3094480.9037096,1461.19
71717.57,689.91,465.86,3093414.95313985,1275.89
72893.45,703.34,477.26,3092110.99257011,1266.9
74482.08,397.02,332,3090870.69200008,1062.82
76427.07,217.12,182.16,3089152.19143033,643.95
78398.65,130.72,109.57,3087236.35086059,381.19
80475.28,83.95,68.97,3085143.84029084,239.61
82576.02,88.89,56.26,3082947.6197211,155.86
84588.72,93.99,60.18,3080822.64915107,151.58
86734.5,90.99,59.59,3078577.20858133,146.21
88929.91,64.62,48.99,3076315.51801158,138.42
91114.19,66.85,41.16,3074033.58744183,101.2
92993.08,108.49,68.45,3071982.51687209,159.83
95047.87,129.33,77.81,3069794.27630207,184.16
97093.05,102.27,76.7,3067674.01573232,200.75
98831.38,64.91,41.7,3065904.79516257,122.36
100210.59,80.16,47.55,3064401.23459283,109.34
101520.59,107.4,65.01,3062943.28402308,143.31
102661.11,170.42,100.89,3061600.61345305,224.23
103621,260.79,150.81,3060397.18288331,333.03
104469.65,364.65,213.31,3059278.92231356,470.84
104943.13,531.26,311.16,3058437.73174382,689.01
105669.53,445.38,327.13,3057677.99117407,864.02
106070.92,558.48,326.08,3057061.30060432,810.72
106075.87,790.74,459.82,3056587.1000343,1000.49
105478.03,1191.36,698.11,3056442.77946455,1537.74
104263.96,1601.35,935,3056906.71889481,2061.43
102362.99,2049.37,1210.34,3057981.07832506,2688.83
99878.88,2493.5,1493.39,3059634.75775532,3339.03
98203.79,1917.73,1435.86,3061839.8971853,3924.18
98006.14,1267.42,966.59,3063053.87661555,3026.29
98489.48,848.54,649.98,3063202.7760458,2016.31
99311.31,572.72,439.31,3062764.18547605,1364.83
100107.2,672.41,401.77,3061802.8949063,962.56
100526.3,806.1,480.6,3061068.02433628,1084.2
100739.66,930.06,551.45,3060556.60376654,1256.83
100931.53,836.74,602.9,3060303.35319679,1510.49
100812.44,1039.32,619.35,3060100.16262705,1468.71
100437.15,1218.92,722.93,3060089.0220573,1625.9
99051.26,1614.51,970.06,3060728.94148728,2204.7
97667.66,1501.95,1103.67,3061988.24091753,2798.03
97183.16,1220.22,790.31,3062964.58034778,2396.49
95657.4,1552.44,940.92,3063904.25977804,2187.05
93518.17,1857.3,1135.16,3065441.13920829,2642.54
90950.29,2131.21,1321.05,3067445.96863827,3142.07
88143.96,2346.97,1476.84,3069777.49806853,3557.01
84945.86,2575.17,1633.37,3072487.61749878,4004.04
81869.95,2610.43,1682.21,3075376.17692903,4213.96
79912.17,1793.74,1431.03,3078298.57635928,4196.7
78860.03,1467.87,978.5,3080025.86578927,2972.91
77810.72,1414.29,937.79,3081066.21521951,2421.21
76709.63,1355.07,895.65,3082165.41464977,2353.82
75638.38,1287.63,861.77,3083234.73408002,2254.35
74849.05,1196.81,806.53,3084066.87351028,2128.67
74769.83,1049.72,705.19,3084291.27294025,1861.38
75471.95,677.6,545.09,3084018.12237051,1616.6
76610.91,348.78,291.94,3083357.88180076,1025.37
77602.07,197.62,161.31,3082545.26123101,558.18
78716.02,119.35,99.12,3081468.52066127,343.86
79438.56,106.97,69.23,3080685.00009125,194.95
79666.61,69.19,45.08,3080415.6295215,111.63
80811.34,67.37,43.62,3079170.92895175,111.76
81930.2,64.25,49.06,3077946.498382,128.9
83112.64,57.8,37.52,3076678.79781226,101.81
84281.48,58.33,36.8,3075406.89724224,91.87
85613.32,60.38,38.51,3073968.0466725,94.19
86805.43,51.7,37.57,3072682.30610274,95.55
87946.31,33.94,23.8,3071469.705533,77.12
89045.26,34.8,22.25,3070268.19496325,56.3
89859.6,46.27,28.97,3069332.41439323,68.68
90531.87,86.92,53.93,3068491.28382348,129.31
91508.7,99.72,62.17,3067390.16325374,146.64
92417.87,112.98,69.62,3066357.03268399,164.8
93308.01,130.84,81.21,3065334.19211424,188.62
94087.25,153.52,115.27,3064394.96154423,309.63
95007.95,140.06,89.97,3063409.77097448,254.39
95745.55,187.59,113,3062498.36040472,264.07
96271.98,277.45,170.23,3061721.58983498,386.09
96826.96,337,207.19,3060966.84926523,475.83
97106.99,442.27,270.98,3060414.50869522,614.92
97430.84,514.73,315.28,3059870.64812547,724.92
98266.58,400.95,292.28,3059068.43755573,741.24
99218.32,267.19,203.62,3058235.86698597,636.21
100089.65,184.73,139.6,3057407.76641622,434.13
100999.69,135.67,101.57,3056481.56584621,310.38
101745.9,179.28,108.06,3055582.00527646,273.56
102596.11,211.27,123.99,3054580.62470671,280.13
103288.84,269.7,160.5,3053689.70413696,356.82
103405.87,391.65,266.02,3053241.95356722,609.51
103472.88,511.92,305.52,3052911.9229972,749.64
103384.73,693.56,403.52,3052617.18242745,915.93
102864.78,934.02,554.73,3052642.21185771,1236.12
102091.46,1030.67,704.72,3053065.64128795,1614.77
101718.89,801.11,556.67,3053712.57071821,1686.55
101006.85,1073.94,634.73,3053970.47014819,1467.32
99903.47,1331.11,795.01,3054553.14957845,1793.33
98286.38,1635.6,983.45,3055574.0590087,2235.15
96102.44,1970.9,1196.45,3057106.44843894,2743.41
93385.07,2310.36,1407.95,3059169.6078692,3278.55
90186.83,2600.97,1616.02,3061765.91729918,3812.6
87589.62,2099.05,1595.81,3064782.00672944,4240.66
86243.57,1683.32,1105.43,3066930.91615968,3360.38
82998.89,1861.87,1193.57,3069805.65558994,2996.37
81625.03,1851.23,1191.64,3071088.83502019,3001.95
79723.79,1828.11,1198.48,3072903.10445017,3018.34
77966.71,1767.81,1162.97,3074652.74388043,2991.26
76578.93,1636.16,1081.12,3076150.77331068,2833.99
75792.4,1191.26,937,3077423.07274094,2628.94
76159.93,647.09,537.05,3077896.41217118,1860.67
76797.86,359.89,298.9,3077680.58160117,1025.54
77651.92,201.07,168.17,3077012.82103142,582.51
78563.62,166.88,110.86,3076089.37046166,328.79
79470.48,155.46,104.36,3075097.17989192,264.01
80403.41,142.18,93.65,3074084.98932217,240.97
81439.33,110.32,78.77,3072992.55875216,203.69
82555.55,83.39,53.57,3071825.21818241,154.44
83421.2,92.8,61.09,3070839.38761267,149.02
84393.52,94.87,60.62,3069762.21704291,153.41
85424.05,85.65,57.81,3068640.46647316,150.29
86550.45,43.61,34.17,3067476.49590315,114.17
87637.55,48.92,30.62,3066284.3853334,77.32
88587.16,66.61,41.94,3065202.51476366,103.79
89545.4,90.15,55.39,3064104.03419391,137.61
90481.55,108.96,67.09,3063034.12362416,162.36
91259.32,147.46,90.83,3062090.86305415,225.45
92321.41,160.71,100.2,3060902.90248439,235.52
92764.87,175.79,129.69,3060311.62191465,335.73
93734.37,150.84,99.13,3059294.38134489,295.94
94537.38,186.03,115.21,3058336.85077515,273.88
95219.46,241.29,147.05,3057464.42020513,344.44
95886.01,295.65,177.41,3056609.89963539,414.6
96492.25,346.1,205.57,3055821.79906564,481.87
97085.33,388.3,235.24,3055053.5984959,539.92
97758.83,348.36,247.41,3054304.61792614,596.61
98725.66,213.62,162.65,3053454.03735612,500.42
99617.71,150.91,113.61,3052570.48678638,355.67
100114.72,125.4,95.25,3052014.09621663,289.63
101075.49,125.51,75.65,3050969.56564688,201.52
101883.14,179.62,106.4,3049973.80507714,240.06
102582.91,253.68,149.63,3049053.49450711,335.1
102976.53,342.88,215.56,3048401.49393737,476.89
103582.68,335.87,200.74,3047713.92336762,510.64
104012.17,439.43,257.44,3047020.92279788,568.85
104228.54,571.91,334.22,3046492.04222812,740.27
104198.05,698.35,435.5,3046191.56165811,960.94
104694.01,474.75,352.61,3045898.84108836,1032.16
104968.45,629.18,374.76,3045344.57051862,862.26
104898.2,826.84,487.17,3045001.49994886,1071.56
104400.31,1082.64,636.27,3044991.23937912,1400.75
103381.38,1398.51,823.15,3045404.1688091,1831.73
101700.07,1789.04,1062.94,3046351.90823935,2360.17
96037.56,2627.09,1593.71,3050542.34766961,3636.43
92293.63,2670.16,1880.7,3053852.96709986,4517.62
90714.72,1917.55,1324.26,3056637.67653011,4145.73
88035.15,2243.91,1397.56,3058814.33596009,3431.45
85271.66,2406.83,1526.12,3061183.09539034,3727.73
82799.87,2393.07,1535.21,3063556.3048206,3817.27
81077.28,2354.49,1522.88,3065226.55425085,3842.48
78887.95,2240.65,1463.94,3067485.41368111,3732.04
76994.72,1920.91,1390.06,3069669.01311109,3646.68
77017.43,1036.4,852.28,3070965.34254134,2866.12
77465.03,598.33,494.54,3071210.30197159,1735.42
78255.56,338.92,278.64,3070791.83140184,968.87
79190.84,266.09,183.17,3069921.60083209,580.28
80136.26,243.46,160.5,3068918.23026207,413.36
81093.34,243.4,157.68,3067860.77969233,411.76
82024.17,239.38,156.74,3066831.65912258,397.71
83138.93,171.34,115.94,3065722.48855284,340.23
84395.17,134.95,86.63,3064428.69798309,213.69
85571.04,133.62,86.15,3063151.38741307,210.32
86628.47,150.03,95.45,3061964.99684332,233.41
87866.53,80.9,63.42,3060724.84627357,200.91
89056.38,85.3,53.17,3059437.59570383,139.97
90193.59,97.27,61.15,3058177.18513408,145.27
91469.86,105.29,66.27,3056784.52456406,160.7
92592.27,124.89,76.81,3055528.72399431,183.97
93578.76,167.62,102.67,3054370.39342456,242.84
94421.74,231.78,140.37,3053322.30285482,325.12
95288.16,233.35,156.95,3052334.48228507,372.75
96241.78,200.15,138.89,3051328.87171506,427.83
97118.43,256.63,152.09,3050279.2911453,362.93
97839.65,334.64,202.45,3049326.45057556,459.81
98180.11,463.77,278.28,3048677.78000581,639.96
98219.78,622.69,376.69,3048277.52943606,847.41
98271.35,764.4,458.22,3047899.46886604,1050.65
97953.08,907.96,585.82,3047843.3282963,1331.49
98345.33,593.81,452.22,3047795.57772655,1369.84
98604.17,436.66,332.78,3047710.0771568,1042.02
99166.38,317.58,242.58,3047253.89658706,762.64
99980.65,325.01,202.65,3046368.87601704,597.69
100550.63,426.88,253.91,3045542.51544728,577.53
100946.29,549.27,328.61,3044846.51487754,734.76
101172.29,687.9,406.55,3044300.69430779,915.37
101379.95,649.83,401.76,3044032.64373805,1093.77
101076.14,881.68,521.07,3043882.04316803,1176.71
99821.82,1238.32,741.62,3044455.92259829,1678.75
98492.46,1556.54,937.07,3045168.36202853,2117.61
97503.01,1171.45,881.83,3046494.89145878,2567.99
