S,EQ1,EQ2,EQ3,PQ1,PQ2,PQ3,IQ1,IQ2,IQ3,E1,E2,E3,P1,P2,P3,I1,I2,I3,H1,H2,H3,C1,C2,C3,V1,V2,V3,M,R,casesI,casesIQ,casesH,deathsIIQ,deathsCV
9999937.389999991,0,0,0,0,0,0,0,0,0,48.24999999999997,12.109999999999992,2.0299999999999976,0.14999999999999994,0.049999999999999975,0.01999999999999999,0,0,0,0,0,0,0,0,0,0,0,0,0,0,0,0,0,0,0
9999874.714705592,0.010266307413763835,0,0,0,0,0,0,0,0,75.12404453052446,35.17344612190935,11.535237379137348,1.4839058420685354,0.9864143532806509,0.544114292929483,0.35183323931124216,0.07186415189634686,0,0.0041681808649075966,0,0,0,0,0,0,0,0,0,0,0.423697391207589,0,0.0041681808649075966,0,0
9999810.222582094,0,0.0123849228662919,0,0,0,0,0,0,0,91.16761977246337,57.81995996755259,27.151574452466026,4.599369527234597,3.576981257961046,2.447876840391323,2.3494779707856397,0.42503835924376937,0.16625918616859825,0.01599240449529426,0.010056702263839295,0.00838058521986608,0,0,0,0,0,0,0,0.026445962776557017,2.5555920560825807,0,0.034429691978999616,0,0
9999746.25994661,0,0.0158120798789822,0.0158120798789822,0,0,0,0,0,0,100.40089581905377,75.30953255908996,44.35124257200063,8.374244128847442,7.290375022474613,5.5365967245879855,8.683108627526606,2.738671018040533,0.7082391252731932,0.03638375804196775,0.012723720482291347,0.017630845813936296,0.00799606564603783,0,0,0,0,0,0,0.24078924724423273,9.48058539666755,0,0.07897685488992534,0,0
9999673.363977103,0,0.00008113610371327614,0.032732640429748446,0,0,0.001629662206936592,0,0.00022055079635576702,0,111.98498679996696,89.10827516567697,62.238509527049544,12.924120723035507,10.829342801213372,10.029388443238075,17.807848515777554,7.319699192762319,2.973537071125092,0.10754199486202778,0.06230684607046696,0.020969129793550232,0.01385120371289653,0,0,0,0,0,0,1.1809814902085194,17.094473954313095,0.00022055079635576702,0.21119186279543053,0,0
9999586.848954096,0,0,0.05457330462608651,0,0,0.000981566915329974,0.01971529852043964,0,0,129.07959896948108,105.33801571361472,76.67656842966976,16.326787962681866,14.893778677480478,14.04604108406599,30.12078369371121,15.40388918073367,7.024131842490724,0.09499299420666175,0.09434914731288867,0.07915119802464661,0.009577085121171412,0.0003610982882839673,0.008252397942723783,0,0,0,0.020455473122173884,3.8590407732679246,26.845972429785277,0.01971529852043964,0.23921276933121843,0.020455473122173884,0
9999503.75421538,0,0,0.11501630495682974,0.09033999647331116,0,0.00022393046289825104,0.09059423262883107,0,0,143.34918420042746,120.02415403752953,88.08244945512133,18.03613137342386,16.79795617286729,16.777130489348902,44.361591968266154,26.059683159647175,12.845232061108083,0.12949784744505444,0.11429367176950089,0.08638728935327528,0.007015340597038646,0.005117822728320687,0.005106469688904069,0,0,0.0006087061081347382,0.015924147805542323,9.252145936583307,34.90500437276053,0.000030305692621640673,0.30132969485051736,0.0034740283323339144,0
9999395.049334418,0,0,0.039058412394607694,0.1979865290873753,0.08243132045216056,0.005520534968963143,0.10240945422920968,0.0020576328692090873,0,163.02267412326447,133.6976628327661,107.50069944665103,22.56645832352738,20.475708360903834,18.198582609831522,55.99736893062848,39.7066084058131,21.810034894062973,0.5673783483647792,0.3082163485714832,0.24271869024793216,0.00659842457090891,0.0016090424903193422,0.0007471231636422518,0,0,0.000005034076278410564,0.12255200484949784,20.295578755408734,42.79617254072326,0.045331157992470124,0.9960375519956408,0.11977399036650603,0.0007471231636422518
9999264.727138795,0.4431096274446974,0,0.0010983589535303615,0.002251401979372595,0.08210429746942084,0.004393435814121446,0.5955051295526151,0.008687836587215498,0.022209776036119348,196.8989342598285,152.8349932488665,117.50600727452863,29.675553858863733,22.89401842736307,25.25442760073746,72.85942166176167,51.1396361156734,29.809019723428946,0.3980887067995067,0.3994772092430822,0.12886847637401394,0.04641604412064989,0.06068557686124192,0.009566172390383841,0,0,0,0.20184985704997407,33.9965371328437,52.033878213167206,0.5211436094821044,0.7971769611772115,0.1242302282685534,0
9999112.688064005,0.3913894626218751,0.3667554921351714,0.00003979952739118737,0.00023922537155803602,0.02981748284862706,0.007100844306752905,0.4891018821123784,0.30523167546968655,0.02913983127359209,220.70753407473933,186.9338484337298,141.8251929790923,28.522180307734583,26.763902883717154,28.203083362273514,89.1539741310316,67.439887284322,41.01609886356267,0.608473911019994,0.5588062979354099,0.36563514124378893,0.12309737722933131,0.01420986902164141,0.008974803494309796,0.007836758681736982,0.000002256642895201395,0.00288298240443285,0.18817655974402878,53.249322015579125,62.670193541195275,0.023392192347358797,1.5596511660818224,0.050074867157961285,0
9998944.135569183,0.4753593722987311,0.2844986128028008,0.03091523782574113,0.053328042802154585,0.00035927118793907845,0,0.24039251713738252,0.37227264630809537,0.18089850313763492,251.07068598580318,211.2907419619812,162.65234132525651,35.70790896171142,35.575737894152304,33.15417397047938,104.86068667465017,80.52091909634548,58.201187260574585,0.3800849483100016,0.53732193693652,0.24382764646465843,0.029897535977975204,0.055211043860118214,0.020775359865836455,0.00004951261221760691,0.0000065802813414187116,0,0.24227291593534145,79.68257599891986,72.78826111181864,0.000009001031564050692,1.1580265006670545,0.08630219750160352,0.0003616919381617098
9998728.097830912,0.030607214298586993,0.21267726951523347,0.6775927670749646,0.000310476191897374,0,5.62617956893644e-7,0.11520230115551278,0.12684346602202143,0.015637490662797193,295.21639470576406,246.42944409416504,193.23236583288542,39.00488333400188,39.72355305163398,40.540853564696995,131.10913987540792,93.46893123345517,68.76367343016346,0.10557710686535376,0.26841511802221735,0.13339908968288056,0.03274471495753662,0.06315285327899876,0.6813585190882767,0.03376976858550598,0.00019772150721264085,0,0.21117072388697886,121.70427280584265,94.22889887316931,0.04451203852417113,0.42214756465003744,0.13103696239244103,0.001904127080509487
9998520.386289924,0.00015595636800802456,0.02650279280722738,0.6937400060931623,0.025184563740559045,0.06313811903458282,0.17603655521539555,0.032622323724001326,0.1745917398915319,0.000008131043490713905,323.747334987684,272.07460458655754,223.01314096360844,44.9600166859166,51.348224042034374,38.50771966834689,161.6830328828954,111.2477555342483,80.97192821417842,0.8239233986892831,0.39829473093335205,0.3880247648907064,0.0005734132361276803,0.003287058421348761,0.0048676775374214545,0.4820639426131034,0.02941246469741504,0.000302873099707453,0.25122439504628563,168.48599759866514,104.54765031878895,0.0064072486582136545,1.6217001989114705,0.15694415283927463,0.07475156898815537
9998308.414069341,0,0.001214525576548399,0.413203470670439,0.04431627407405941,0.07014256174612174,0.010380461764559113,0.21084693221140932,0.5214567864996448,0.060581656817292585,345.3203135611412,294.4226378588078,252.93852926480656,52.66058363136565,56.6878555022758,50.838038631222055,168.11057170357836,132.75422801540947,104.99493218108493,1.8878550698222518,0.6262687389870106,0.8762109480666538,0.3460069748786518,0.007316558282161355,0.001226182432272326,0.0006111671532893367,0.013516335100343555,0.004328579518273001,0.5631617888725783,227.19959529675967,110.89611171137797,0.46073452313083474,2.9635112101595698,0.5104556042634946,0.052593721541295435
9998067.287508452,0,0,0.08302381514888277,0.011164710325257308,0.11292683808183916,0.1671657735306437,0.0716972331963733,0.29877515301865964,0.4536661345031565,373.45436486728806,320.1969865318941,273.2436084523498,65.40733804782506,57.3365743388219,64.42215233143347,194.6463943576803,156.08193119532876,120.87019681542087,2.183045911474338,1.7989864244964773,0.806434537662688,0.27014181245121677,0.15208046141582346,0.040886083172581016,0.0906636014508187,0.0000027380319720376364,0,1.3536821863832806,299.15860118773736,136.25075338249187,0.002850620918597282,4.045976335495479,0.8073815305195696,0.0011258395458409664
9997801.691123437,0.00026791808611839287,0,0.000013673042246772818,6.612798925863174e-8,0.0007416487848002359,7.870427628852879e-7,0.9490536230389596,0.8385571692550907,0.04716088611578835,430.7179500908427,359.4951223364283,286.0454620705627,67.80425717831301,57.007710143819864,60.49642730367522,239.34943141480198,168.04859462206062,153.62207824342659,1.2942006141339024,2.7705761929851622,1.0466004858737958,0.8090757428836041,0.14943568743426702,0.0006733316489987587,0.0007313908390522332,0.10808689449941186,0.0007298510264582335,0.3015938742469187,367.4043433206917,150.8629718788309,0.8403404974781585,2.426823986228728,0.0919718007282552,0.00011709704134465499
9997497.076876372,0,0,0,0,0,0,0.6150017634078734,0.904302331476745,0.4269214637253702,482.8404614183811,400.44426958520114,330.91477585667366,59.24047455346457,69.59853575247654,63.185262813706196,251.94865993576659,209.11403880493134,167.11193891606828,1.424302421526043,1.8263002420383765,1.436230049290099,0.5656952861843838,1.1777338213420656,0.4248370438109586,0.4309420449615289,0.0000187888374346611,0.00012503501457822945,0.5371509441462732,458.7551447583615,156.11392142120434,0.00004589946842927837,3.615666408927844,0.5336696822085697,0.000932741647545918
9997193.21945725,0,0,0,0,0,0,0.9315498322510163,0.7596847806063715,0.05876083716961187,506.0271998281523,442.1884089196612,354.2653681111152,85.59431868237193,70.0814074520101,79.8769277867725,266.849085204168,220.78003184677692,201.00614809436482,0.9588393171368187,3.1524624696038646,1.5100683236645762,0.6849909156228937,0.3188699177431176,0.7039005431204483,0.0178649157152893,0.06561850835115543,0.27642591054872606,0.34706903098702596,570.3255415110432,162.33132750096848,0.000011289792487902246,4.801738858215103,0.06167833662532081,0.0023964831070626374
9996828.984164204,0,0,0,0,0,0,0.04431802663595543,0.5490711290045364,0.8925589746587888,554.9698224980037,481.70283314846097,415.8025543176535,87.8733621042715,80.84773622166914,77.25074487213196,316.4347841047292,253.94202818592117,203.40374582903127,2.484317951573955,2.1414978574117858,2.5606991938099117,1.3887141513200276,0.9176509421348868,0.03898822914121077,0.0070271270472508016,0.0037099245608631357,0.09216781946796768,1.603974256624548,686.0635289345461,205.61879039313783,0.00047648239910779756,5.6312322224595635,0.5778154100316429,0.518554837912641
9996436.0788406,0.00000531624641506788,0,0,0,0,0,0.00003928262651792827,0.11713802375629266,0.016526806446793302,609.4839711010444,532.5731793364781,501.5036927388337,94.78701895773702,80.33061869403133,80.76156985134533,318.5893920589665,301.5572159645655,223.84545436613746,1.1853883256951627,3.0993722710526668,3.0005381571234286,0.002681704347980233,0.865359557088162,0.01722921557288536,0.0011822956999491315,1.7310877150988107,0.000005811488224537903,2.2379080715085915,808.2145837794667,189.8414818112999,0.00003928228435388937,3.2880399463205205,0.12072393845077412,0.000010954481772826169
9996026.133981604,0.000004061377340860433,0,0,0,0,0,0.000004912663156269401,0.15138978346689638,0.6911428095844028,665.1321534224172,575.7342296580075,514.051349111829,112.65958224096549,113.237227330473,103.32817304198088,330.3182611576176,313.1349418484575,261.3171503130858,2.394057230290991,4.2176436662132835,2.327357762570995,1.128243663583024,0.24099943056976592,0.00449667899161641,0.0005294162659149538,0.1393512863175371,0.12169518339892944,7.179668259866439,966.3563661226383,210.76277189183915,0.000005145975543880814,5.843457424306512,3.3680784482876938,0.12541230100185458
9995564.880789505,0,0,0,0,0,0,0.01856187264985421,0.00012975354265882082,0.8692828321417614,710.5172959557988,651.085641206595,546.4938439104177,126.00376483401722,116.3767158818443,113.60303293824161,397.0723801695137,332.20116393895745,290.9857972490986,5.0089256853012065,6.687973018057135,1.5023854047899023,0.2571684453429306,1.8746571990425436,0.053880820349657785,0.8171793978094614,0.019800423918166676,0.09195396377771409,7.989329045299568,1125.5883465490833,267.1864925010807,0.01856187264985421,10.9357536873273,0.351712517338604,0.000030115640350951425
9995077.25628758,0.0004348350310653406,0,7.262484581970494e-9,0,0,0,0.001503412266285072,0.00002164916142039235,0.304341723073775,783.3481695745924,683.9431929210241,597.4985126805036,129.03832036570378,118.71778564786294,136.60005136490284,442.53816317646096,365.8106286553156,316.9052612951394,5.017560407815382,6.911690344786341,6.0232061454761725,1.3009591492268777,1.5047092440646475,0.0435856447619753,0.3953467920071124,0.8230794820519628,0.021635462077786723,10.318084545854806,1315.6774679002926,291.5563684491523,0.001503412266285072,11.086819318594312,1.8187244484110963,0.031152976945395587
9994496.47559485,0.0037556101634237146,0,0,0,0,0,0.00018604464429024928,0,0.18780122633423516,894.6608170803787,738.7839112296363,655.3120722936131,136.45915555426993,146.63323827640843,133.368471111943,491.68279545163824,402.40181495666957,346.24058545076554,5.3381120045453905,3.892980326289817,5.681094383431925,2.9079800283045985,0.7997742726513669,1.0639522901922023,0.6192510441440011,0.2399798756561878,0.048584756440315804,14.90267910531437,1522.295412775286,321.54408143757183,0.00018604464429024928,8.187920495685605,3.4130817335412065,0.7377250019952996
9993899.098020412,0,0,0,0,0,0,0.0061492230809680895,0.00005631658040887624,0.001580711309376335,947.3572258294975,832.3968260439445,706.7068446955485,143.3473920500875,145.92327476894775,149.82667462617044,557.4334574314009,462.3982899122523,373.51611444778825,6.395126729106736,4.377104804148675,4.986658014445221,0.9623438222927824,1.0281473742829832,1.5852817442403675,0.5294130295544867,0.08957329174667003,0.06945933649474356,16.178250543270032,1745.7867348318932,354.3227591280099,0.006208343152837695,11.30248348025929,1.4807922469897656,0.46972803345457054
9993236.623142812,0.0011908114711587287,0,0,0,0,0,0.00005971005527028025,0,0,1015.8428347007695,913.241300235842,812.3199497105484,165.84045582973812,146.0746247489082,170.9846323917633,576.9695573696421,515.0313802443209,426.66340029170556,7.054218353501102,7.961907042173236,5.987378238331668,2.9799508303775095,0.03891478736254116,1.005402546268027,1.9539546650148991,0.512595874680215,0.027275295416903447,16.641500437493793,1976.244373072428,350.6593977424886,0.00005929069394794,13.60316060940468,1.0654390864435863,0.5250971262369251
9992537.866836378,0,0,0,0,0,0,0.04223745002053147,7.052858880930633e-7,0,1084.4854960525531,1000.8963152819792,877.4199977526691,193.82601271931546,165.6637113164422,185.4907216604724,607.7476143310231,561.562327210005,492.6742848905429,6.382473098160535,7.17708342172605,7.755451368064513,1.23052439507136,1.3162748036494893,1.0013768119520352,0.05986984946355313,1.806209676653238,0.9908176849288899,19.088839798420143,2245.515523340362,402.63993537469787,0.04223815530641956,12.806033747169973,3.592322957544964,0.06157142891686014
9991703.370508207,3.4071323661436763e-7,0.00037397814602340844,0,0,0,0,0.413318458358539,0.0005121885692784016,9.261545998042959e-7,1230.6949992131451,1071.427928388661,955.0916134831266,207.80593224740224,212.72598642064946,180.50791824083,708.4029847817808,603.2076225747982,523.5058945522098,8.490903056933682,9.046412462203476,8.913685011132452,2.837365375660669,3.295645357092542,1.0887168891334624,0.9179586014320976,1.0560923591605125,0.5202733337228028,22.479955523627645,2544.1973980244693,458.6968856479548,0.41307732946715425,19.187336260363438,2.1625896036157384,0.7208568085499343
9990807.72410557,2.731468667116371e-7,0,0,0,0,0,0.05038834777084971,0.01723130810965937,0.000599120788722207,1338.2785789511083,1205.5049099214164,1070.506038173181,211.64909510624733,192.21340158678063,206.1714660445302,779.9839474521223,685.6705336614418,584.9464105974787,5.717707988866488,10.02562574716751,11.580122692656191,2.98878254131182,6.465181907067231,3.8590620865910874,2.9061131822220143,1.071156535008231,0.9244927158493886,26.03653485356669,2845.7085136287596,495.7955396094587,0.034194945352091284,19.286077108580844,2.936533251877951,0.15391560481465533
9989758.291066585,0.0000505405315749142,0,0,0,0,0,0.000004653325572669824,1.1034401423168445e-7,0,1443.0439496920274,1402.2815921321599,1151.0728232621018,247.2835356244841,255.41313739501447,224.99731383667933,850.4260257185708,745.2247964732485,628.3803245231311,11.038138443875802,13.959277079311489,9.067634963769164,4.943994262156899,1.9838469339790474,3.0011936401444035,0.00321983874571599,2.017259042718915,3.965114661031105,31.074987762424325,3212.530712827275,526.59694065934,0.000004432637544206455,18.062615350228164,2.001781287452893,3.0192402816604993
9988720.108819013,0,0,0,0,0,0,0.009757286930656145,0,0,1596.2243848552282,1441.0664782244119,1279.964875129949,267.88624087024215,274.727275777543,276.60662724416966,950.7600845781533,785.4902455862888,689.651359405949,14.12569936886446,12.541412291536462,12.480359967767109,5.879236571527622,5.0508809980435645,2.748224736533539,1.937196601552017,3.2754569422233275,0.2782983192251245,38.50194708313369,3620.6851391461482,598.2505703672899,0.009757286930656145,28.154971229656436,5.155931446953512,2.3460156361801743
9987590.763807869,0,0,0.2416623492789168,0,0,0,0,0,0,1760.804848541931,1505.0086009036897,1409.5721686358602,295.6800414303513,293.7007553799351,283.6073463714093,1050.0739985842004,886.9828038515896,741.003386857894,15.367118435430891,13.26928090269312,14.795206027160317,6.27501295216325,6.724987047836751,4.5776444577407025,1.6973684944225471,2.2416623492789167,1.6973684944225471,48.5776444577407,4067.3372856061014,683.7427068312721,0,30.87806168740293,4.972381446585796,4.605263011154906
9986354.41,0.03,0,0.13,0.03,0.06,0.01,0.09,0.03,0,1931.97,1654.22,1482.64,326.84,315.78,309.13,1132.77,979.97,826.58,24.24,21.25,17.76,6.11,6.03,4.74,2.87,2.91,2.21,58.12,4539.07,716.01,0.12,48.28,5.44,4.09
9985008.13,0.02,0.01,0.08,0,0.03,0.03,0.32,0.1,0.02,2104.84,1822.06,1594.81,351.19,337.95,330.75,1220.52,1072.87,917.73,27.32,25.37,23.45,8.46,7.25,5.4,3.08,3.17,3,69.78,5062.26,772.81,0.32,52.22,6.7,4.96
9983557.04,0.03,0.03,0.03,0.01,0.03,0.03,0.34,0.28,0.09,2283.85,1990.72,1735.83,375,365.77,356.57,1311.93,1167.05,1000.92,28.17,27.87,26.65,9.78,9.1,6.65,3.52,3.44,3.18,83.17,5652.92,830.1,0.3,54.56,7.15,6.24
9981986.54,0.09,0.04,0.02,0,0,0.01,0.45,0.32,0.2,2472.85,2163.97,1895.16,412.5,395.89,384.29,1419.03,1253.02,1093.38,31.44,29.89,28,11.43,10.5,7.53,4.51,4.39,3.77,97.74,6293.04,893.38,0.32,59.88,7.73,6.84
9980288.85,0.11,0.05,0.07,0.01,0,0,0.45,0.34,0.29,2678.59,2346.38,2058.43,447.69,434.46,419.43,1532.96,1353.15,1186.25,34.74,32.81,31.18,10.99,11.34,8.32,5.17,5.16,4.56,114.96,6993.26,972.01,0.23,65.05,8.57,8.65
9978454.85,0.12,0.08,0.05,0,0.01,0.02,0.47,0.33,0.36,2900.39,2542.76,2234.95,484.28,468.34,458.59,1660.67,1464.52,1287.66,38.04,35.58,35.29,12.5,12.15,9.3,5.37,5.18,5.11,133.29,7749.74,1057.81,0.28,71.54,9.05,9.28
9976469.77,0.13,0.04,0.1,0.01,0.01,0,0.61,0.43,0.37,3134.87,2758.55,2421.77,527.56,510.52,494.79,1805.7,1584.95,1395.61,41.21,38.13,37.98,14.32,13.85,10.04,5.72,5.64,5.47,153.24,8568.61,1149.08,0.51,76.73,9.59,10.36
9974327,0.12,0.09,0.09,0.02,0.01,0.01,0.95,0.49,0.38,3381.61,2982.69,2630.67,571.33,553.88,538.18,1965.41,1713.52,1512.44,45.08,42.43,41.14,14.78,14.27,11.67,6.31,6.2,6.12,175.5,9457.61,1247.87,0.69,83.86,10.69,11.57
9972005.03,0.14,0.11,0.12,0.01,0,0.02,1.09,0.78,0.49,3658.75,3231.99,2841.61,617.95,602.01,583.45,2133.6,1864.31,1632.5,48.76,47.23,44.47,16.15,15.66,11.79,6.97,6.63,6.69,199.67,10422.02,1352.25,0.8,91.46,11.89,12.28
9969483.97,0.23,0.14,0.12,0.02,0.04,0.01,1.23,0.92,0.57,3966.09,3493.26,3077.77,673.32,651.85,629.48,2314.34,2023.2,1775.76,52.35,49.35,48.55,18.22,16.78,12.73,7.51,6.96,7.05,226.43,11461.75,1466.48,0.73,97.68,12.73,14.03
9966757.06,0.22,0.13,0.16,0.02,0.04,0.06,1.37,1.13,0.75,4298.7,3787.58,3320.86,722.83,707.41,683.44,2506.36,2197.63,1927.99,56.88,53.7,53.14,19.16,18.33,14.04,8.44,8.44,7.43,254.4,12592.3,1590.19,0.88,106.72,13.87,14.1
9963813.52,0.18,0.18,0.16,0.03,0.02,0.03,1.48,1.2,0.97,4648.9,4095.79,3601.56,782.9,760.83,742.43,2712.36,2382.7,2089.77,61.11,58.6,56.13,21.17,19.84,15.64,9.22,8.43,8.41,285.3,13821.14,1716.86,0.86,114.26,14.6,16.3
9960635.89,0.19,0.11,0.2,0.05,0.04,0.03,1.39,1.32,0.94,5025.31,4426.55,3899.7,848.8,821.78,800.24,2929.96,2585.71,2263.99,65.5,63.39,60.88,22.52,21.69,16.56,9.82,9.77,9.22,318.38,15160.07,1863.46,0.72,123.46,15.89,17.19
9957210.85,0.15,0.12,0.21,0.05,0.03,0.06,1.15,1.41,1,5421.85,4782.8,4218.17,918.33,892.31,864.39,3175.42,2791.82,2463.36,72.45,67.75,65.52,23.94,23.46,17.91,10.54,10.64,9.85,354.71,16599.75,2013.18,0.6,135.79,17.38,18.95
9953481.73,0.16,0.11,0.18,0.04,0.03,0.04,1.08,1.18,1.16,5874.61,5162.62,4574.78,996.82,959.84,933.02,3440.45,3020.26,2665.51,77.05,74.6,70.89,25.85,25.64,19.28,12.05,11.4,10.49,394.09,18165.04,2179.47,0.55,145.32,18.8,20.58
9949477.74,0.22,0.17,0.14,0.01,0.02,0.04,1.24,1.16,1.09,6332.17,5591.51,4937.53,1079.1,1037.18,1013.28,3718,3263.35,2889.31,84.65,81.56,76.87,28.36,27.81,20.49,12.04,12.25,11.72,435.94,19865.05,2354.61,0.69,159.57,19.47,22.38
9945144.83,0.29,0.16,0.17,0.03,0.02,0,1.49,1.13,1.26,6840.32,6038.75,5338.85,1162.03,1133.54,1092.59,4016.81,3538.62,3123.87,90.85,86.78,84.83,31.21,29.65,22.64,13.5,12.81,12.7,480.99,21699.28,2546.34,0.99,170.2,21.82,23.23
9940462.9,0.31,0.27,0.15,0.05,0.04,0.03,1.83,1.29,1.35,7399.32,6516.07,5767.16,1256.32,1217.66,1186.82,4348.8,3826.35,3379.91,97.37,91.96,90.35,33.58,33.02,24.96,15.2,13.89,13.51,530.47,23689.06,2760.77,1.27,182.44,23.89,25.59
9935409.76,0.37,0.27,0.25,0.05,0.03,0.02,2.1,1.7,1.29,7987.22,7046.81,6221.11,1363.25,1318.98,1276.69,4705.51,4149.41,3648.91,106.53,100.49,96.5,36.38,34.77,26.84,16,15.67,14.97,583.81,25834.31,2981.17,1.48,199.64,25.53,27.81
9929946.82,0.4,0.33,0.28,0.08,0.05,0.01,2.13,1.8,1.56,8629.08,7617.83,6716.44,1467.44,1428.56,1384.15,5087.94,4485.58,3943.18,111.95,108.63,106.26,39.33,38.73,27.97,16.97,16.54,16.2,640.99,28162.77,3219.22,1.2,212.92,26.58,30.6
9924054.54,0.31,0.32,0.27,0.12,0.06,0.1,2.16,1.98,1.68,9310.31,8233.56,7258.43,1587.27,1538.07,1493.35,5499.03,4852.65,4269.7,123.71,116.89,113.22,41.98,41.29,30.74,17.99,18.24,17.64,703.07,30671.32,3481.37,1.22,232.17,29.87,32.21
9917689.72,0.38,0.33,0.33,0.02,0.09,0.07,2.19,2.17,1.65,10060.3,8890.49,7837.03,1709.77,1668.18,1615.94,5942.59,5234.56,4619.78,132.39,126.37,121.29,45.82,44.24,33.51,20.25,18.95,18.42,769.48,33393.69,3752.94,1.28,249.84,31.18,35.23
9910834.72,0.54,0.36,0.26,0.04,0.13,0.05,2.74,2.08,1.89,10854.39,9593.49,8458.81,1843.43,1802.6,1751.31,6419.94,5663.6,4988.13,142.2,138.44,130.59,50.94,48.06,36.25,20.59,21.01,19.78,843.4,36330.23,4059.85,1.78,270.89,35.52,38.4
9903423.68,0.63,0.42,0.25,0.04,0.12,0.05,3.69,2.11,2.14,11717.72,10355.41,9140.96,2001.76,1935.42,1876.91,6934.74,6121.87,5395.6,155.53,149.55,143.55,54.35,51.99,39.06,23.21,22.72,21.19,921.55,39503.78,4388.06,2.45,296.25,37.35,40.8
9895433.35,0.68,0.65,0.37,0.1,0.06,0.09,4.94,2.97,2.53,12646.13,11167.86,9875.52,2160.22,2091.71,2030.75,7474.93,6621.24,5830.27,167.75,157.54,154.96,59.86,55.88,43.45,25.23,23.48,22.73,1005.94,42938.81,4727.57,3.69,314.62,40.28,44.11
9886817.22,1.17,0.77,0.61,0.05,0.03,0.13,7.03,4.27,3.29,13629.72,12061.24,10657.35,2332.37,2255.55,2198.42,8072.12,7146.62,6299.69,179.02,172.34,167.41,62.49,59.07,46.87,28.47,25.69,25.64,1096.32,46649.03,5107.78,5.46,339.62,43.32,47.06
9877531.35,1.57,1.08,0.71,0.08,0.16,0.09,8.83,6.02,4.03,14701.11,13016.06,11489.82,2517.74,2430.98,2374.03,8727.01,7699.44,6795.97,194.44,186.51,180.22,67.26,64.21,49.36,29.36,28.77,28.07,1196.56,50669.16,5515.86,6.45,367.54,47.59,52.65
9867510.64,2,1.31,0.97,0.26,0.13,0.07,10.78,7.95,4.64,15871.85,14013.74,12418.61,2705.12,2630.51,2555.09,9415.72,8316.56,7334.62,210.75,200.86,194.8,74.45,69.86,53.15,31.35,31.1,30.2,1304.64,54998.27,5948.86,7.54,398.08,52.25,55.83
9856716.44,2.14,1.77,1.15,0.23,0.23,0.26,11.76,9.72,6.72,17094.43,15127.48,13396.31,2924.39,2833.42,2763.22,10162.49,8972.75,7925.06,225.38,218.49,209.71,79.6,74.43,57.76,34.1,34.34,31.73,1421.19,59663.3,6413.69,8.02,427.12,55.82,60.73
9845065.49,2.42,2.08,1.57,0.26,0.3,0.27,14.44,11.19,8.47,18459.44,16296.36,14444.65,3147.15,3066.4,2978.45,10960.04,9684.11,8565.77,243.87,236.17,227.64,84.43,82.11,63.64,36.31,34.4,34.51,1548.63,64699.43,6922.4,10.17,464.06,61.14,66.3
9832515.79,3.66,2.5,1.97,0.43,0.29,0.28,21.98,13.99,10.2,19884.52,17604.38,15559.09,3396.21,3300.6,3207.57,11830.03,10456.16,9233.35,260.18,252.09,245.78,93.03,87.13,67.66,39.13,38.24,37.08,1683.51,70153.17,7475.79,17.41,494.35,63.33,71.55
9819017.33,5.88,3.38,2.45,0.41,0.39,0.44,32.01,19.39,13.27,21401.34,18964.6,16806.89,3661.91,3560.83,3448.65,12739.89,11292.71,9965.94,285.75,272.32,260.35,97.64,95.79,73.55,42.57,40.65,39.52,1828.6,76025.55,8039.13,24.88,538.78,68.24,76.85
9804494.53,7.78,5.02,3.18,0.69,0.56,0.53,42.59,27.78,17.51,23033.58,20411.06,18118.48,3956.83,3834.14,3733.22,13729.78,12163.21,10760.89,303.6,294.65,281,105.38,102.35,78.42,46.19,44.25,43.15,1985.75,82373.9,8669.23,32.4,573.27,75.49,81.66
9788855.88,8.62,6.22,4.12,0.94,0.77,0.83,49.42,35.99,24.58,24781.85,22010.99,19481.48,4260.85,4151.43,4021.17,14799.46,13115.17,11608.72,332.26,315.43,303.84,114.69,109.22,84.41,49.32,47.79,46.85,2154.5,89223.2,9355.14,33.96,625.35,80.1,88.65
9772005.43,9.25,7.67,5.47,0.94,0.95,1,54.63,44.24,31.61,26698.56,23675.74,21006.97,4579.96,4462.88,4340.15,15958.22,14147.17,12505.68,357.27,343.11,327.25,122.57,118.29,89.92,53.76,53.44,50.79,2336.07,96611.01,10080.24,36.62,673.32,86.89,94.68
9753895.48,10.21,8.81,6.58,1.27,1.31,1.17,60.38,50.74,38.09,28733.08,25463.35,22612.79,4945.61,4807.83,4676.05,17214.91,15244.48,13487.73,381.39,370.93,352.46,135.56,126.84,97.75,57.24,56.23,55.19,2533.85,104572.69,10871.49,39.64,720.3,94.83,102.95
9734428.81,11.97,9.27,8.5,1.53,1.66,1.39,72.25,57.28,43.9,30907.94,27405.86,24340.22,5315.77,5175.35,5029.64,18537.96,16443.42,14542.16,413.31,396.94,383.7,144.59,136.94,104.8,62.03,60.98,57.51,2748.53,113155.79,11695.12,48.7,781.81,102.48,112.2
9713500.16,16.94,11.79,9.07,1.95,1.65,1.92,103.33,70.6,51.95,33241.5,29492.05,26181.87,5716.04,5569.19,5412.28,19927.98,17721.4,15670.45,444.5,430.07,411.23,154.39,148.76,114.97,67.07,63.66,63.33,2979.36,122420.54,12557.33,79.81,844.36,111.18,119.65
9691025.33,26.12,15.86,11.18,2.29,2.12,1.84,160.33,96.99,66.5,35674.86,31752.11,28180.21,6153.08,5987.59,5823.69,21407.85,19043.35,16895.12,476.95,459.42,440.37,167.06,160.44,122.82,72.36,69.33,67.37,3227.69,132409.77,13468.69,130.46,900.98,119.32,129.01
9666910.2,37.17,22.63,15.14,2.91,2.79,2.46,227.4,142.07,89.23,38305.85,34116.18,30312.88,6616.1,6431.61,6264.73,23000.97,20458.32,18179.49,516.27,493.41,476.38,178.17,173.62,132.64,77.61,75.12,74.29,3492.63,143171.73,14463.37,178.27,973.99,127.41,137.53
9641052.45,53.34,32.3,20.6,4.23,3.39,3.27,317.99,197.93,126.18,41068.33,36666.42,32575.52,7120.34,6928.49,6727.75,24664.46,21980.75,19531.93,556.03,532.09,516.33,191.95,185.8,142.04,84.58,80.2,77.98,3778.75,154778.58,15488.94,244.14,1051.14,134.98,151.14
9613412.43,75.94,46.67,28.58,5.54,5.09,4.18,446.23,279.12,174.87,43966.08,39303.48,35043,7637.75,7441.97,7247.83,26409.17,23584.62,20982.69,594.71,578.05,551.73,207.55,199.44,151.64,92.27,87.88,86.14,4087.55,167267.8,16564.68,345.21,1128,149.77,159.03
9583884.42,98.25,65.3,41.62,7.72,6.8,6.43,585.82,387.36,245.27,47034.32,42067.57,37590.18,8229.22,7989.48,7794.87,28297.9,25279.76,22542.66,641.16,615,593.17,223.58,216.69,163.5,97.62,93.93,91.91,4424.29,180684.2,17757.55,436.9,1207.91,160.51,176.23
9552534.97,110.81,83.63,55.05,11.16,10.41,8.61,661.87,493.27,336.91,50108.98,44998.33,40268.26,8805.54,8605.15,8364.52,30397.61,27104.08,24182.64,688.77,663.32,637.99,240.3,231.33,176.34,105.07,100.42,97.93,4783.96,195132.77,19110.82,439.26,1300.68,172.15,187.52
9520576.98,118.66,95.8,71.5,14.63,12.64,12.45,740.04,584.49,426.53,52189.04,47826.25,43075.89,9442.56,9183.86,8953.74,32628.64,29086.41,25942.28,733.46,712.71,684.6,260.47,247.8,191.72,113.04,109.15,104.68,5169.14,210690.84,20521.66,479.49,1390.27,184.7,200.48
9489350.16,139.67,109.19,86.23,18.09,16.73,14.88,946.61,691.45,523.19,52712.55,49958.59,45736.27,10057.7,9807.49,9596.74,34820.14,31196.57,27827.97,793.96,762.8,734.19,281.22,268.06,204.34,118.72,117.89,114,5584.35,227410.25,21783.55,682.88,1503.28,198.55,216.66
9459857.38,156.29,127.66,99.83,22.01,20.3,18.89,1179.02,863.36,632.66,51611.17,50982.37,47949.86,10609.52,10378.45,10175.42,37094.76,33330.08,29840.97,848.39,820.36,786.78,299.2,289.21,219.05,130.37,124.7,122.62,6027.88,245381.44,23146,848.09,1601.05,211.29,232.24
9432586.49,166.93,141.46,116.24,24.96,23.47,22.6,1404.69,1053.69,780.09,49310.92,50758.89,49329.49,10974.08,10844.32,10674.66,39293.91,35515.92,31910.46,896.32,869.13,844.27,321.35,309.98,235.05,140.36,136.7,132.03,6503.37,264678.17,24371.86,966.97,1695.81,228.65,246.84
9407389.11,167.76,153.04,130.46,28.32,27.18,25.19,1619.53,1260.14,953.4,46422.93,49486.52,49704.34,11165.84,11087.39,11010.71,41198.59,37693.58,34023.35,933.68,907.78,891.03,340.66,329,254.57,152.23,144.33,141.52,7015.34,285342.48,25323.46,1090.31,1761.95,242.21,269.76
9383244.44,158.17,158,142.09,30.4,29.58,29.42,1685.79,1445.82,1130.59,44122.58,47548.32,49165.87,11103.1,11131.99,11139.75,42731.04,39638.43,36114.19,949.19,940.14,924.71,358.5,349.22,267.47,159.45,156.18,150.91,7566.76,307427.9,25958.86,1034.91,1801.31,262.66,288.76
9358698.65,149.12,153.26,147.97,34.28,32.19,31.82,1693.14,1552.72,1301.47,43207.3,45754.69,47978.24,10894.8,10976.5,11054.85,43662.3,41272.7,38107.87,952.7,949.02,945.35,369.19,361.55,280.39,168.8,165.54,159.32,8151.08,330793.19,26097.53,984.15,1808.36,276.85,307.47
9333561.03,149.48,150.69,150.95,32.94,33.34,33.52,1780.34,1630,1429.42,43134.6,44556.56,46720.28,10600.26,10716.3,10810.81,43772.31,42388.73,39830.93,935.6,948.3,951.3,371.13,370.65,285.5,175.01,172.56,171.28,8766.93,355369.25,25594.55,1087.84,1780.52,293.58,322.27
9308130.41,148.08,150.96,150.06,32.82,34.29,33.65,1809.97,1706.39,1542.14,43311.38,43958.5,45577.69,10343.03,10445.48,10537.29,43354.27,42922.94,41125.76,919.31,932.95,938.86,369.16,369.89,294.43,177.2,175.88,174.47,9410.01,380922.73,24968.71,1079.48,1748.93,306.72,336.36
9282628.39,138.38,147.39,150.03,33.55,33.53,33.39,1734.04,1736.94,1627.49,43466.54,43716.58,44771.84,10128.23,10203.83,10283.72,42716.45,42992.57,41968.32,896.09,908.61,916.45,365.41,368.19,293.44,178.69,175.24,176.15,10067.43,407143.09,24458.68,961.27,1698.29,313.43,343.99
9257269.13,124.71,141.91,146.94,33.54,33.79,33.86,1610,1704.12,1677.9,43431.54,43591.57,44291.52,9974.94,10038.63,10104.32,42018.96,42713.34,42390.77,872.53,890.99,898.81,355.71,362.44,286.89,179.07,174.44,177.4,10727.92,433742.31,24004.53,853.9,1660.57,318.63,341.86
9232164.69,125.8,132.98,143.55,32.56,32.82,33.07,1634.61,1657.59,1675.44,43217.35,43475.1,43977.36,9892.43,9924.31,9966.52,41243.75,42234.21,42429.97,861.1,871.16,875.44,349.19,355.48,281.49,173.18,176.54,178.42,11390.11,460493.78,23512.96,955.41,1629.49,321.55,340.64
9207392.93,133.09,134.15,136.65,30.84,31.55,31.74,1713.88,1673.89,1671.9,42826.09,43284.29,43708.28,9845.05,9850.44,9895.08,40588.29,41585.57,42189.65,851.02,855.94,867.94,341.7,345.2,275.72,168.13,171.64,171.93,12051.41,487176.01,23141.47,1063.33,1613.56,321.18,340.12
9182980.1,119.12,130.51,135.53,30.69,30.47,31.89,1542.57,1672.21,1670.05,42377.49,42982.87,43421.12,9789.9,9814.01,9834.7,40278.13,41042.92,41801.45,842.86,853.41,852.04,339.39,342.84,272.69,164.35,167.59,169.3,12695.45,513614.35,23221.58,796.51,1603.69,313,331.04
9158827.14,120.94,123.36,132.27,29.87,30.44,29.41,1573.32,1602.38,1647.21,41918.63,42597.95,43109.4,9734.05,9748.05,9776.55,39879.32,40632.07,41368.83,839.06,846.85,843.85,335.16,338.54,268.28,163.65,164.01,165.41,13334.81,539819.19,22995.27,911.52,1593.55,314.96,324.4
9135063.84,142.97,128.64,129.57,29.22,28.91,28.99,1852.04,1650.47,1634.2,41316.86,42174.73,42779.27,9641.61,9671.5,9711.21,39298.29,40177.79,40926.45,834.09,836.71,845.43,329.86,336.06,262.84,163.9,161.9,162.96,13964.39,565715.3,22482.17,1266.47,1582.1,310.52,319.06
9111613.45,154.26,138.36,131.99,29.98,29.11,28.53,1975.05,1779.53,1671.12,40752.45,41661.75,42386.33,9565.74,9586.53,9628.66,38845.05,39641.85,40492.48,829.09,834.95,834.21,329.58,329.18,260.92,161.48,162.89,160.89,14590.75,591393.84,22314.07,1252.75,1573.36,311.36,315
9088493.33,153.57,145.6,137.7,29.97,29.46,29.96,1975.06,1868.47,1741.32,40215.92,41118.88,41895.06,9460.85,9529.14,9539.42,38539.16,39212.77,39981.42,823.55,821.78,830.16,327.67,329.86,258.46,158.22,159.97,160.35,15209.99,616822.93,22226.11,1148.53,1553.64,307.79,311.45
9065647.71,150.79,149.35,141.09,31.58,31.48,30.37,1953.04,1908.63,1805.41,39709.21,40577.75,41420.72,9356.21,9407.37,9438.48,38204.35,38828.8,39553.46,818.7,818.12,823.34,325.92,324.29,259.06,159.11,159.24,159.02,15819.45,641987.95,22026.96,1117.24,1542.55,300.26,309.2
9043070.44,146.2,149.65,143.55,32.45,32.08,32.27,1890.37,1914.85,1857.43,39215.52,40065.98,40928.2,9238.93,9298.66,9324.74,37874.36,38472.14,39145.12,807.03,811.4,820.07,320.58,326.04,255.22,157.86,157.85,158,16427.45,666925.56,21823.71,1060.78,1528.95,299.03,308.97
9020782.88,136.52,145.81,146.26,31.89,32.81,33.03,1777.4,1882.45,1880.31,38727.72,39579.88,40398.44,9111.79,9193.41,9234.49,37550.93,38140.8,38751.52,796.09,804.44,808.68,318.78,321.16,252.7,156.6,156,154.16,17034.32,691658.73,21644.6,966.96,1512.18,298.44,308.43
8998734.42,123.8,140.7,144.69,33.48,32.41,32.19,1660.13,1802.57,1870.32,38275.01,39078.69,39921.76,9017.6,9041.99,9112.26,37252.15,37824.85,38393.19,783.98,789.07,798.23,317.56,321.3,253.73,151.96,154.41,154.8,17628.03,716154.72,21497.88,880.75,1487.3,293.91,299.8
8976941.62,120.61,132.01,140.72,31.88,32.61,32.84,1621.28,1721.82,1820.7,37838.68,38595.89,39464.45,8899.12,8944.72,8981.71,36803.46,37481.66,38063.94,774.33,779.24,789.83,312.51,316.55,253.4,153.09,152.7,155.5,18218.7,740424.43,21155.41,906.46,1470.27,291.05,299.62
8955436.44,124.15,126.06,136.47,31.26,30.95,31.94,1661.19,1683.08,1768.93,37342.04,38166.86,38958.13,8813.51,8833.14,8883.36,36288.92,37051.86,37711.96,767.78,773.05,774.44,309.45,312.51,247.33,150.79,152.36,152.05,18808.04,764471.95,20793.22,996.02,1453.31,289.86,299.48
8934222.62,126.17,126.43,132.11,28.99,30.69,30.99,1683.71,1681.42,1733.16,36860.92,37701.47,38493.31,8671.41,8733.79,8776.39,35827.97,36610.01,37297.76,761.39,759.81,769.17,302.99,306.37,246.38,149.95,150.32,150.38,19390.78,788243.14,20542.66,999.19,1437.17,287.34,295.4
8913341.52,131.55,126.99,130.92,28.85,28.6,29.45,1752.43,1686.93,1716.59,36323.97,37193.19,38015.14,8592.98,8634.26,8666.5,35315.67,36137.47,36856.07,746.33,755.38,762.35,300.42,301.37,237.97,146.73,151.72,150.96,19961.73,811775.96,20211.46,1061.2,1418.71,281.83,289.12
8892773.19,141.48,131.67,130.66,28.57,28.45,30.03,1880.55,1743.76,1717.83,35795.58,36695.18,37528.75,8466.77,8501.55,8563.75,34749.95,35638.87,36411.38,739.75,742.22,747.06,300.15,300.53,238.57,144.86,142.75,147.36,20532.58,835006.2,19844.78,1182.57,1400.94,281.34,289.51
8872539.44,146.24,138.39,132.5,28.99,28.97,28.54,1924.87,1823.2,1745.47,35219.43,36190.17,37029.45,8366.78,8407.15,8449.91,34221.38,35114.28,35958.49,726.45,735.26,739.19,295.15,294.37,236.09,143.99,142.9,144.95,21088.65,857959.35,19571.57,1159.58,1378.52,274.72,281.35
8852648.58,145.39,140.67,136.53,29.94,30.13,29.14,1922.8,1871.31,1787.37,34645.26,35640.86,36538.13,8252.03,8286.67,8335.29,33759.06,34613.18,35485.17,717.95,725.08,726.2,290.61,290.94,232.48,142.21,141.49,141.26,21641.33,880652.94,19369.74,1114.7,1362.9,271.93,280.75
8833063.3,149.6,143.18,140.95,30.6,30.86,30.59,2011.82,1910.24,1829.8,34092.98,35064.79,36008.13,8142.05,8194.9,8227.64,33214.05,34084.36,34970.41,705.68,719.88,719.36,284.78,287.73,227.04,142.26,140.87,141.22,22182.86,903108.07,18970.6,1224.64,1343.81,267.89,273.64
8813820.81,163.86,149.3,144.16,31.26,30.95,31.02,2164.67,1991.64,1887.31,33510.85,34519.75,35459.02,8008.41,8065.01,8105.75,32615.96,33552.57,34462.2,695.49,707.61,712.36,280.47,282.11,227.38,136.04,140.08,140.25,22724.48,925239.23,18587.22,1365.59,1326.61,267.76,273.86
8794928.69,173.54,157.59,149.18,32.68,31.95,32.54,2281.27,2099.94,1958.75,32929.31,33940.51,34893.71,7891.7,7941.02,7985.29,32017.48,32983.61,33937.64,688.41,695.89,700.66,278.94,281.84,223.25,134.99,135.45,138.29,23261.01,947094.87,18231.22,1409.94,1311.28,266.53,270
8776429.22,178.05,166.1,154.61,33.72,34.02,32.8,2347.84,2201.79,2045.94,32305.56,33351.08,34310.05,7769.97,7801.95,7860.62,31485.73,32426.27,33353.97,679.35,688.18,695.23,277.06,278.69,217.22,135.97,133.31,136.8,23787.65,968681.25,17947.41,1417.47,1295.08,261.01,265.63
8758263.39,178.76,169.92,160.64,35.94,35.07,34.12,2368.99,2275.87,2132.94,31704.79,32734.05,33754.66,7640.42,7672.26,7738.42,30947.72,31857.1,32823.94,668.84,673.14,680.63,270.77,273.35,220.01,135.02,132.87,134.21,24306.12,989976.04,17640.31,1397.75,1267.25,256.59,261.88
8740426.06,176.84,173.63,165.73,37.29,36.08,36.06,2359.57,2309.36,2206.88,31140.33,32137.25,33155.82,7506.31,7550.07,7600.1,30422.25,31343.94,32241.66,660.86,662.69,667.67,264.55,270.96,213.77,130.39,133.98,133.65,24818.53,1011017.72,17368.24,1364.07,1248.56,253.3,259.11
8722942.68,172.39,175.27,168.28,38.05,37.69,37.55,2351.63,2326.53,2262.82,30547.59,31544.28,32557.71,7371.37,7422.53,7467.52,29907.33,30819.34,31704.39,645.49,648.8,661.26,260.93,264.74,209.61,129.27,128.63,131.98,25325.21,1031739.13,17075.45,1361.61,1221.6,250.01,256.67
8705794.02,174.08,175.5,169.77,39.26,37.59,38.13,2357.92,2338.31,2297.67,29954.72,30958.91,31964.85,7232.35,7290.59,7342.61,29342.53,30302.35,31204.04,635.84,642.87,645.07,256.91,258.98,206.49,126.05,127.94,127.77,25825.2,1052131.68,16729.34,1378.11,1203.08,247.71,252.28
8688975.97,175.51,176.56,171.99,38.57,38.62,38.58,2368.42,2348.3,2320.55,29391.27,30358.12,31391.17,7098.14,7157.64,7198.98,28788.85,29733.97,30669.45,627.27,633.81,633.92,251.38,254.46,201.67,122.97,126.65,126.73,26315.37,1072265.11,16385.62,1389.67,1185.97,242.49,247.68
8672471.45,176,178.15,173.14,38.94,39.06,37.96,2384.6,2362.37,2336.6,28830.85,29791.86,30799.44,6974.23,7021.45,7068.49,28220.08,29173.41,30125.31,613.85,622.41,627.86,250.16,248.17,199.34,122.76,121.75,123.39,26797.68,1092069.24,16046.27,1400.14,1163.69,237.87,244.44
8656345.57,172.05,177.37,174.77,40.09,38.96,38.78,2377.38,2372.42,2347.95,28215.96,29218.4,30221.73,6853.33,6877.87,6956.5,27684.53,28630.08,29557.6,601.28,606.6,615.93,245.64,247.32,195.97,118.6,121.83,122.69,27267.29,1111555.51,15753.63,1378.04,1137.97,233.73,235.88
8640538.77,168.63,175.6,174.93,38.93,40.59,39.47,2368.85,2372.4,2362.39,27641.51,28627.22,29682.06,6699.67,6764.67,6800.46,27144,28080.32,29014,594.36,596.29,603.46,240.12,245.1,194.29,117.95,120.78,120.62,27733.37,1130699.19,15438.72,1374.57,1125.58,232.88,233.2
8625064.2,168.74,174.31,174.49,39.8,38.88,39.31,2351.62,2370.38,2362.26,27056.47,28062.1,29073.13,6589.06,6626.57,6688.58,26640.72,27513.42,28481.32,574.34,589.93,591.84,235.74,237.32,189.17,115.14,118.34,120.25,28190.86,1149521.71,15144.17,1360.15,1092.55,225.64,231.85
8609908.53,166.02,170.75,174.18,38.81,38.85,39.08,2302.6,2349.5,2359.78,26511.01,27491.41,28483.75,6447.05,6501.32,6558.22,26139.11,26998.81,27944.69,572.65,573.42,582.47,230.48,232.94,186.7,114.45,113.66,115.39,28642.74,1168011.63,14877.28,1308.88,1080.5,221.7,230.18
8595065.23,163.37,169.89,170.59,38.46,39.53,39.49,2264.75,2320.56,2347.06,25985.46,26910.77,27898.85,6328.29,6368.14,6424.13,25612.51,26507.75,27412.83,555.16,566.47,569.38,223.87,228.83,185.35,110.71,112.76,113.56,29082.43,1186183.82,14575.91,1294.59,1056.28,218.78,220.91
8580522.24,164.61,166.15,169.44,37.82,39.63,39.39,2273.98,2298.59,2322.32,25426.75,26387.02,27328.58,6193.36,6247.84,6281.71,25072.24,25982.24,26891.9,550.34,552.38,556.58,219.65,224.24,179.78,110.84,113.31,110.44,29514.42,1204022.21,14231.41,1330.1,1036.15,215.17,216.82
8566322.75,165.47,165.87,167.66,38.74,38.54,37.47,2313.48,2295.16,2310.11,24858.47,25831.75,26780.86,6063.68,6122.84,6152.38,24490.07,25442.87,26354.38,537.66,539.87,550.63,219.44,219.19,176.23,107.26,109.49,109.97,29939.54,1221538.17,13871.09,1370.46,1016.51,211.82,213.3
8552435.73,168.35,166.05,167.19,37.51,38.19,37.08,2329.19,2305.85,2306.11,24311.41,25262.19,26236.35,5942.41,5979.78,6035.29,23939.1,24896.31,25815.82,526.98,532.47,531.14,214.79,214.64,174.65,105.06,106.53,107.36,30354.22,1238722.25,13566.82,1370.05,992.08,204.61,210.07
8538881.88,165.73,167.82,166.55,37.24,38.84,37.16,2305.08,2313.77,2308.35,23769.78,24698.6,25668.62,5812.73,5864.27,5908.34,23430.59,24340.75,25280.37,514.93,518.34,527.31,209.92,212.96,168.98,102.18,102.91,105.16,30763.9,1255576.94,13297.66,1327.39,974.92,203.68,206
8525619.84,162.09,166.69,165.24,37.5,37.27,37.76,2241.33,2297.46,2307.07,23246.68,24139.77,25116.54,5696.05,5734.39,5786.32,22961.09,23815.22,24757.79,506.2,512.61,511.67,205.98,207.03,167.23,101.18,103.53,100.7,31165.19,1272092.58,13049.1,1262.36,959.96,199.71,201.58
8512624.89,153.15,162.2,166.67,37.09,37.25,37.11,2134.81,2250.02,2294.38,22742.23,23622.14,24566.36,5567.11,5621.73,5668.38,22525.46,23342.93,24225.59,494.32,497.44,503.39,202.15,205.43,162.26,99.28,103.35,99.01,31557.92,1288295.95,12830,1175.7,934.13,194.22,198.51
8499924.8,149.58,157.42,161.54,37.81,37.16,37.24,2071.34,2185.26,2258.73,22247.02,23116.77,24023.72,5445.13,5496.19,5537.25,22082.13,22879.54,23710.29,484.72,488.93,494.93,195.6,200.19,159.97,97.75,99.56,99.99,31942.6,1304176.84,12550.28,1163.39,921.01,191.19,193.49
8487507.04,147.72,153.08,158.65,35.74,36.12,37.15,2070.79,2128.98,2211.85,21738.25,22619.44,23510.73,5318.63,5377.3,5417.62,21563.4,22427.22,23211.04,470.53,476.46,484.87,194.42,195.34,156.83,95.07,97,95.95,32320.8,1319741.98,12221.09,1198.49,894.58,186.97,191.23
8475399.5,147.63,149.86,156.38,34.6,35.38,35.31,2076.33,2104.51,2167.43,21230.45,22117.76,22993.12,5211.54,5251.87,5278.91,21080.74,21915.44,22748.47,458.34,467.54,471.95,188.81,190.85,152.89,93.51,94.34,94.67,32691,1334960.87,11930.74,1210.62,873.8,183.26,186.94
8463556.1,147.03,147.38,153.95,34.47,35.26,34.73,2075.3,2092.23,2131.55,20740.04,21609.16,22487.57,5105.83,5134.79,5187.1,20550.97,21418.73,22256.98,448.89,455.83,461.04,184.87,183.6,150.38,91.55,91.82,93.27,33051.52,1349888.06,11608.34,1208.88,851.68,178.14,182.38
8452022.41,142.95,147.05,151.69,33.64,34.76,35.23,2044.24,2080.11,2111.9,20241.96,21106.25,21969.2,4986.54,5024.35,5071.69,20110.25,20908.66,21767.04,440.74,444.14,448.15,179.85,182.48,143.93,89.99,89.79,89.08,33405.8,1364496.13,11401.42,1170.96,833.31,174.14,180.14
8440761.58,135.26,144.56,148.04,33.47,34.18,34.49,1963.44,2054.19,2093.46,19750.62,20626.11,21465.06,4864.26,4909.45,4957.32,19693.18,20459.94,21277.09,433.86,436.54,439.47,175.68,178.85,142.65,86.81,87.81,89.77,33749.86,1378773,11188.72,1095.3,819.3,171.94,172.12
8429750.29,130.05,140.28,144.25,32.87,33.44,33.84,1878.54,1998.64,2057,19294.44,20145.22,20950.59,4757.19,4805.91,4839.29,19295.2,20038.05,20817.15,422.11,428.9,432.16,171.18,172.61,139.9,85.05,86.33,87.15,34087.63,1392744.74,10972.86,1036.41,797.47,167.83,169.94
8418992.99,127.97,134.36,141.4,31.88,32.04,32.65,1838.87,1934.73,2013.48,18864.33,19663.27,20474.41,4628.55,4692.55,4742.96,18852.35,19599.06,20357.16,408.39,418.45,425.47,170.23,170.38,135.38,83.51,85.38,85.48,34420.31,1406442.01,10673.81,1043.98,780.51,166.06,166.62
8408483.56,129.21,131.11,138.92,30.52,31.54,31.69,1832.04,1885.83,1969.4,18425.4,19206.19,19997.13,4532.51,4590.63,4609.67,18380.48,19173.08,19921.58,402.72,405.93,414.48,165.02,167.33,135.79,80.38,83.2,84.3,34745.52,1419814.84,10393.51,1063.1,764.67,161.21,164
8398217.1,128.81,129.62,135.36,30.73,30.78,31.47,1822.23,1856.71,1928.26,18008.79,18738.2,19532.64,4435.65,4479.35,4517.06,17925.49,18715.17,19483.49,391.12,399.48,402.29,161.5,166.98,128.42,80.72,80.14,82.36,35064.37,1432895.71,10125.18,1052.78,744.56,158.03,160.82
8388213.17,127.3,128.19,133.63,29.6,30.64,29.74,1791.18,1832.11,1895.09,17569.56,18300.41,19080.2,4328.75,4371.88,4413.86,17516,18235.02,19063.17,383.3,391.07,392.24,155.15,161,126.86,77.72,79.6,81.44,35374.29,1445687.83,9904.44,1022.97,731.22,153,156.92
8378438.36,121.46,126.85,130.83,29.55,30.12,29.68,1719.08,1799.37,1860.75,17144.65,17878.89,18630.79,4226.7,4261.69,4315.57,17148.18,17812.4,18612.13,374.55,379.72,386.96,152.24,156.13,124.2,76.09,76.56,76.84,35680.73,1458198.93,9728.92,953.02,709.85,151.09,155.35
8368906.97,110.5,121.28,128.17,29.54,28.72,30.02,1571.04,1734.56,1820.53,16763.34,17460.37,18170.64,4122.31,4163.44,4206.42,16847.62,17444.64,18168.09,368,371.45,379.7,149.38,151.08,120.53,73.79,76.29,75.13,35978.09,1470428.36,9606.54,821,695.88,149.32,148.04
8359691.78,97.06,111.89,125.06,28.32,27.85,28.73,1389.06,1617.63,1753.7,16274.71,17046.47,17764.36,4036.46,4065.97,4103.64,16572.75,17110.96,17765.89,360.57,365.32,368.29,147.39,148.76,115.9,73.5,73.92,74.12,36269.64,1482390.3,9476.26,682.64,680.52,145.66,145.89
8351393.14,89.13,103.83,116.44,27.53,26.75,28.06,1301.98,1490.07,1667.55,15273.52,16497.49,17325.5,3933.28,3970.71,4012.6,16254.57,16787.46,17403.81,348.05,357.78,360.21,144.45,146.98,116.4,71.53,70.56,71.61,36550.85,1494058.16,9247.1,693.41,663.81,139.35,141.86
8344539.15,86.76,96.27,109.18,24.72,25.79,26.12,1298.77,1403.24,1564.26,13595.79,15584.06,16760.08,3823.08,3865.11,3920.17,15844.5,16454.36,17053.77,340.03,347.07,351.15,140.48,142.73,114.64,70.14,71.02,70.57,36826.7,1505450.29,8947.53,749.92,644.25,137.17,138.68
8339331.73,83.35,91.82,101.31,23.82,24.85,24.7,1300.31,1358.5,1480.42,11392.68,14206.95,15940.82,3654.1,3722.24,3775.21,15415.09,16090.42,16698.71,332.14,335.54,344.33,134.42,139.55,111.36,68.82,70.23,69.87,37093.63,1516583.08,8694.53,759.98,628.19,131.85,135.08
8335710.09,80.5,87.82,95.39,22.81,22.16,23.48,1277.36,1326.43,1419.19,8969.54,12393.21,14757.44,3429.13,3521.83,3602.03,14894.78,15686.66,16333,315.88,326.64,330.41,133.09,135.44,106.67,66.29,67.05,68.87,37361.01,1527435.8,8327.34,728.46,602.35,132.52,134.86
8333398.34,74.78,83.5,89.95,21.44,21.19,21.8,1216.07,1293.95,1373.9,6648.72,10317.83,13223.76,3105.11,3226.58,3360.38,14262.2,15184.58,15932.83,302.67,306.94,316.63,127.62,131.3,105.29,65.55,65.49,64.52,37618.29,1538038.79,7877.81,673.87,570.37,127.26,130.02
8331901.4,66.99,77.55,84.78,19.53,20.72,20.34,1127.36,1236.34,1325.54,4764.95,8214.86,11423.78,2731.55,2874.05,3017.47,13419.42,14598.03,15458.23,276.35,286.31,301.59,121.81,124.58,100.44,61.52,63.7,65.06,37868.18,1548347.57,7258.67,595.83,520.91,124.99,124.9
8330653.85,60.6,70.59,79.87,18.04,19.25,19.8,1045.15,1166.98,1272.34,3554.59,6371.56,9538.34,2299.88,2473.66,2627.07,12300.4,13826.04,14901.73,244.67,259.48,276.21,112.38,118.95,96.09,60.38,61.17,62.3,38110.26,1558298.37,6414.15,554.14,462.58,120.96,121.12
8329521.83,55.4,64.71,73.96,18.11,17.36,17.84,982.3,1101.77,1203.92,2797,4926.08,7767.04,1896.9,2047.24,2213.21,10925.22,12846.1,14200.08,208.45,227.48,245.38,102.59,108.94,89.18,55.6,58.35,58.46,38344,1567825.5,5441.78,531.16,397.48,115.8,117.94
8328504.87,49.02,59.57,68.57,15.55,16.24,16.79,902.53,1029.52,1143.82,2299.65,3850.51,6219.98,1531.44,1669.98,1814.7,9443.83,11635.92,13332.78,172.96,194.71,208.32,90.57,96.53,81.65,52.04,53.21,56.62,38562.97,1576825.15,4496.19,473.53,330.09,109.21,109.76
8327623.09,42.49,54.11,63.13,14.68,14.35,15.45,802,950.98,1073.14,1927.01,3063.97,4960.26,1222.25,1333.97,1458.97,7996.16,10304.36,12281.62,140.85,159.58,176.46,77.24,83.9,70.93,46.2,47.8,51.69,38767.51,1585175.85,3657.93,396.86,268.35,101.52,103.02
8326863.89,36.34,46.85,57.77,13.43,14.32,13.82,691.13,860.19,993.34,1628.69,2475.68,3970.12,977.52,1065.06,1167.61,6631.33,8936.78,11083.4,114.81,127.79,144.35,63.75,71.12,60.58,38.6,42.12,43.54,38954.5,1592811.57,2918.72,328.2,215.71,93.48,93.51
8326217.69,29.93,39.99,50.28,12.54,12.89,13.37,577.64,754.81,909.24,1382.33,2038.14,3195.44,775.49,855.59,933.6,5435.08,7627.19,9812.34,91.38,103.87,116.26,52.05,59.74,51.15,32.86,36.45,38.24,39117.41,1599627.01,2344.94,256.08,172.8,84.56,78.35
8325673.8,23.68,33.63,44.82,10.43,10.89,12.49,472.66,650.32,816.18,1168.98,1693.83,2594.17,624.86,688.02,750.91,4422.13,6400.56,8549.95,74.28,83.59,93.89,41.68,48.15,40.99,28.04,30.65,32.27,39257.38,1605626.77,1882.04,203.83,140.9,72.95,67.02
8325216.8,19.63,28.01,38.81,9.2,9.58,10.21,387.41,548.42,720.09,986.52,1415.64,2125.31,515.84,559.04,603.31,3584.26,5319.71,7322.94,58.89,67.11,75.92,33.85,38.81,33.21,22.29,24.38,27.87,39375.99,1610820.95,1514.75,166.68,111.18,63.07,55.54
8324836.68,15.99,23.53,32.78,8.28,8.58,9.19,321.46,459.36,622.32,826.36,1187.83,1750.73,424.33,458.46,496.17,2907.2,4383.8,6199.69,48.34,54.2,60.63,27.54,30.54,27.05,18.23,19.65,21.69,39476.15,1615243.24,1228.61,139.83,90.55,54.52,45.64
8324519.22,12.78,19.59,27.72,6.54,7.56,7.84,269.45,388.2,529.69,690.66,994.42,1452.94,351.87,378.8,405.52,2369.65,3585.83,5193.63,40.82,43.86,48.68,22.21,24.87,22.41,14.37,15.56,17.46,39557.71,1618980.14,1005.91,122.37,75.17,44.8,36.76
8324256.17,10.78,16.15,22.96,5.82,6.01,6.6,226.55,321.51,451.46,577.4,835.16,1206.46,291.54,314.88,336.92,1935.61,2932.38,4320.23,33.2,37.23,40.64,17.95,20.45,17.48,11.2,13.1,14.04,39626.1,1622094.02,824.82,101.73,62.06,38.55,29.84
8324039.36,9.04,13.07,19.49,4.57,5.12,5.73,191.72,269.84,380.14,479.37,696.03,1008.75,241.04,259.89,282.14,1594.68,2403.05,3563.86,27.57,29.48,34.75,14.81,17.13,14.31,9.75,10.35,11.88,39681.05,1624682.03,685.62,85.77,51.86,31.36,23.59
8323856.91,7.71,11.05,15.92,3.76,4.16,4.85,157.54,225.95,321.39,400.96,579.52,842.36,201.77,216.18,233.15,1317.32,1966.97,2941.33,22.53,24.99,27.3,12.93,13.88,11.72,7.64,8.43,9.61,39727.8,1626824.37,573.62,68.84,42.84,26.62,20.13
8323703.26,6.24,9.68,13.39,3.21,3.3,3.7,128.78,186.57,270.34,336.53,482.65,700.92,170.24,180.74,196.54,1090.56,1620.78,2422.02,18.14,20.61,22.65,10.32,11.95,9.38,6.82,6.89,7.34,39764.94,1628591.51,478.5,54.78,34.62,21.16,15.98
8323576.32,4.87,7.64,11.41,3.09,3.01,3.03,105.24,153.73,226.76,281.85,401.8,584.04,142.02,151.87,162.8,906.18,1340.28,1997.33,15.61,17.13,18.75,7.8,9.51,8.23,5.34,5.88,6.1,39796.89,1630045.49,402.43,44.54,29.68,18.76,13.19
8323468.47,4.06,6.18,9.72,2.28,2.58,2.53,88.36,128.22,188.43,235.94,336.83,485.4,119.16,126.41,137.15,749.7,1107.46,1647.72,13.11,14.52,15.06,7.5,7.61,6.24,4.46,5.27,5.1,39821.96,1631252.57,332.06,40.2,24.78,14.43,10.64
8323377.38,3.62,5.14,7.76,2.03,2.03,2.14,76.39,107.18,157.35,197.53,283.68,405.27,98.61,104.38,113.29,624.15,916.12,1363.72,11.11,12.23,12.79,6.27,6.57,5.33,3.73,4.25,4.26,39843.24,1632242.45,276.92,36.02,20.91,12.1,9.18
8323301.73,3.09,4.47,6.43,1.57,1.68,1.56,65.07,91.09,131.45,166.21,237.92,338.74,82.45,86.89,94.36,518.63,757.15,1125.59,8.79,9.82,10.74,5.11,5.38,4.95,3.24,3.32,3.49,39860.91,1633068.17,228.73,30.45,16.58,10.41,7.26
8323236.55,2.68,3.89,5.27,1.33,1.25,1.55,54.38,77.15,110.32,138.79,200.05,282.8,69.9,75.83,78.29,432.23,628.95,927.17,7.93,7.71,9.14,4.08,4.76,3.89,2.72,2.82,3.42,39876.17,1633748.98,190.39,24.36,14.17,8.98,6.28
8323180.05,2.33,3.2,4.43,1.05,1.19,1.22,46.2,64.58,93.11,119.14,167.06,237.59,57.54,62.31,66.14,359.98,525.11,768.64,6.46,6.59,7.55,3.62,3.76,3.29,2.12,2.36,2.77,39888.84,1634311.77,162.13,20.62,12.18,7.09,5.58
8323131.8,1.85,2.67,3.75,0.76,1.05,1.17,38.24,55,77.01,103.82,139.47,199.71,48.06,51.69,54.38,302.24,436.02,638.46,5.34,5.77,6.36,2.88,3.39,2.49,1.87,1.78,1.92,39899.25,1634781.8,136.21,17.07,9.79,5.48,4.93
8323090.59,1.83,2.16,3.02,0.71,0.74,0.76,31.01,46.46,65.24,88.95,119.44,165.33,41.49,43.55,46.65,251.89,365.81,527.96,4.65,5.03,5.55,2.51,2.5,2.35,1.67,1.49,1.72,39907.68,1635171.26,112.19,13.81,8.96,4.98,3.45
8323053.55,1.46,1.76,2.49,0.7,0.7,0.71,26.33,38.77,54,76.73,102.59,142.03,33.14,36.4,38.8,210.2,303.73,442.8,4.38,4.14,4.9,1.85,2.32,1.93,1.35,1.39,1.4,39914.94,1635494.51,94.26,11.93,7.97,4.4,2.86
8323021.11,1.13,1.56,2.1,0.52,0.57,0.64,22.35,31.17,45.18,67.07,89.46,118.23,29.22,30.62,34.5,175.15,253.72,367.96,3.12,3.63,4.09,1.59,1.95,1.54,1.12,1.12,1.26,39920.56,1635767.76,78.41,10.04,5.88,3.02,2.6
8322992.88,1.02,1.3,1.8,0.47,0.35,0.43,19.26,26.48,37.14,57.65,78.11,102.84,23.84,25.89,27.7,146.76,213.1,308.29,2.55,3.38,3.11,1.64,1.59,1.31,0.85,0.87,0.93,39925.69,1635992.77,68.23,8.9,5.32,2.85,2.28
8322967.55,0.73,1.23,1.56,0.33,0.39,0.39,15.77,22.56,32.03,50.51,67.04,90.59,21.21,21.65,22.99,124.66,179.05,257.52,2.13,2.4,2.8,1.18,1.44,1.31,0.69,0.9,0.88,39929.45,1636179.06,57.03,7.04,4.04,2.28,1.48
8322944.09,0.71,0.92,1.53,0.28,0.28,0.34,13.34,18.86,27.69,45.91,58.73,77.14,18.68,19.62,20.48,105.56,150.64,215.46,1.84,1.97,2.31,1.06,1.08,1.01,0.59,0.83,0.67,39932.69,1636335.69,47.97,6.02,3.47,1.73,1.51
8322922.99,0.54,0.76,1.28,0.25,0.35,0.28,11.32,16.09,22.95,41.19,52.68,65.53,16.14,17.07,18.4,90.84,126.62,181.88,1.79,1.61,1.93,0.98,0.84,0.75,0.59,0.58,0.67,39935.84,1636467.26,42.79,5.19,3.27,1.79,1.36
8322903.86,0.48,0.59,1.04,0.23,0.28,0.34,9.81,13.11,19.45,36.93,46.44,58.84,13.4,14.48,15.42,80.06,108.44,151.2,1.53,1.71,1.62,0.85,0.84,0.63,0.36,0.49,0.62,39938.18,1636578.77,37.78,4.39,2.96,1.27,1.07
8322885.4,0.39,0.54,0.75,0.3,0.22,0.2,8.38,11.38,16.43,34.13,42.13,52.03,11.92,12.44,13.5,67.49,93.41,128.18,1.46,1.44,1.77,0.56,0.63,0.63,0.42,0.38,0.46,39940.29,1636672.74,31.52,4.21,2.65,1.12,0.99
8322868.54,0.28,0.43,0.66,0.15,0.19,0.27,7.32,9.62,13.94,31.34,38.87,45.78,10.79,11,12.38,58.79,79.27,109.57,1.29,1.23,1.57,0.66,0.6,0.41,0.3,0.4,0.35,39942.17,1636751.83,27.54,3.41,2.32,1.05,0.83
8322852.22,0.28,0.35,0.6,0.11,0.12,0.07,6.57,8.62,11.66,29.56,35.69,41.63,9.96,9.54,10.54,51.13,68.38,92.84,0.92,1.06,1.12,0.54,0.55,0.44,0.34,0.33,0.31,39943.66,1636820.86,25.07,3.35,1.59,0.8,0.69
8322836.76,0.26,0.31,0.54,0.12,0.16,0.09,5.81,7.44,10.23,28.78,32.06,37.88,8.77,8.77,10.21,44.65,58.64,80.48,0.83,0.92,0.86,0.32,0.52,0.43,0.21,0.32,0.34,39944.89,1636878.4,21.6,2.83,1.53,0.69,0.54
8322821.92,0.24,0.21,0.46,0.14,0.11,0.11,4.97,6.19,8.77,27.46,29.89,34.48,8.06,8.43,8.94,40.25,50.62,69.53,0.7,0.83,0.96,0.27,0.3,0.32,0.25,0.18,0.31,39946.09,1636929.01,20.55,2.22,1.49,0.66,0.54
8322807.93,0.25,0.22,0.38,0.09,0.14,0.12,4.54,5.51,7.27,25.82,28.25,32.53,7.29,7.49,8.06,36.27,44.3,60.79,0.66,0.73,0.73,0.32,0.23,0.2,0.18,0.18,0.13,39947.15,1636972.24,18.29,2.27,1.32,0.57,0.49
8322794.51,0.16,0.27,0.33,0.09,0.05,0.08,4.17,5.04,6.43,24.88,26.54,30.21,6.94,7.15,7.42,32.39,40.44,52.59,0.45,0.73,0.67,0.25,0.27,0.21,0.17,0.12,0.16,39947.96,1637009.32,16.73,2.16,1.05,0.53,0.28
8322781.36,0.19,0.22,0.3,0.06,0.07,0.1,3.7,4.63,5.82,23.67,25.76,28.45,6.58,6.48,6.61,29.63,35.66,47,0.58,0.75,0.52,0.18,0.24,0.23,0.15,0.07,0.11,39948.73,1637042.15,15.59,1.93,1.26,0.44,0.33
8322767.83,0.16,0.2,0.28,0.08,0.03,0.07,3.27,4.25,5.09,23.84,24.2,26.64,6.58,6.63,6.13,27.66,32,40.35,0.48,0.57,0.56,0.3,0.26,0.24,0.12,0.12,0.13,39949.33,1637072.6,14.46,1.67,1.05,0.42,0.18
8322754.72,0.14,0.13,0.24,0.11,0.04,0.06,2.98,4.02,4.73,23,23.8,25.95,5.92,6.02,6.12,25.49,30.25,36.09,0.5,0.44,0.56,0.18,0.25,0.2,0.09,0.13,0.15,39949.89,1637097.8,13.87,1.64,0.91,0.29,0.27
8322742.26,0.15,0.11,0.23,0.02,0.05,0.04,2.64,3.58,4.35,21.87,23.48,24.7,6.25,5.81,5.55,23.97,27.71,33.11,0.62,0.46,0.68,0.15,0.15,0.21,0.11,0.09,0.18,39950.43,1637121.04,12.99,1.59,1.15,0.26,0.28
8322730.1,0.15,0.12,0.18,0.02,0.06,0.02,2.6,3.21,3.89,21.24,22.96,23.85,5.17,5.48,6.12,23.11,25.66,30.11,0.4,0.53,0.5,0.21,0.18,0.09,0.08,0.12,0.14,39950.83,1637142.87,12.66,1.64,0.75,0.21,0.19
8322718.01,0.12,0.15,0.11,0.04,0.03,0.04,2.41,2.76,3.37,20.63,22.13,23.72,5.4,5.34,5.23,22.27,24.37,28.04,0.48,0.41,0.35,0.2,0.26,0.16,0.03,0.07,0.09,39951.28,1637162.5,12.7,1.06,0.76,0.27,0.18
8322706.16,0.05,0.12,0.16,0.03,0.01,0.04,2.04,2.65,3.09,20.55,21.42,22.54,5.35,5.76,4.98,21.67,23.05,26.55,0.44,0.51,0.42,0.13,0.18,0.13,0.08,0.11,0.09,39951.67,1637180.02,11.87,1.1,0.81,0.22,0.17
8322694.57,0.09,0.09,0.11,0.02,0.05,0.03,1.91,2.34,2.87,20.16,20.83,21.99,4.96,5.03,5.52,20.84,22.34,25.4,0.52,0.53,0.41,0.15,0.23,0.08,0.04,0.06,0.1,39952.13,1637196.6,11.65,1.08,0.99,0.2,0.26
8322683.22,0.09,0.05,0.13,0.04,0.01,0.04,2.01,2.16,2.6,20.03,20.52,21.13,5.08,4.86,4.71,20.32,21.43,23.41,0.54,0.46,0.55,0.2,0.12,0.08,0.11,0.05,0.07,39952.57,1637213.41,11.42,1.18,0.94,0.26,0.18
8322671.41,0.11,0.1,0.08,0.02,0.05,0.01,1.97,2.09,2.41,19.71,20.67,20.59,4.62,4.89,5.02,19.56,20.27,22.86,0.44,0.28,0.49,0.21,0.22,0.16,0.03,0.07,0.05,39952.9,1637228.71,10.79,1.19,0.65,0.16,0.17
8322659.54,0.11,0.1,0.06,0.05,0.02,0.01,2.03,2.06,2.28,20.05,19.94,21.04,4.73,4.53,4.49,18.59,19.96,21.9,0.39,0.38,0.43,0.19,0.15,0.16,0.11,0.08,0.09,39953.23,1637243.3,10.69,1.15,0.77,0.21,0.12
8322647.88,0.07,0.08,0.08,0.02,0.02,0.03,2.24,2.14,2.01,19.99,19.71,20.93,4.74,4.61,4.46,17.63,19.26,21.23,0.42,0.36,0.31,0.11,0.21,0.11,0.06,0.05,0.11,39953.51,1637257.62,10.05,1.37,0.63,0.12,0.16
8322636.27,0.1,0.05,0.1,0.01,0.02,0.02,2,2.04,2.05,20.34,19.72,20.81,4.34,4.24,4.78,17.52,18.51,20.02,0.44,0.43,0.34,0.12,0.15,0.13,0.06,0.07,0.1,39953.78,1637271.44,9.87,1.1,0.85,0.13,0.14
8322624.56,0.1,0.05,0.07,0.02,0.03,0,2.04,1.95,2.1,20.23,19.85,20.45,4.74,4.52,4.08,17.65,18.26,18.58,0.34,0.42,0.45,0.22,0.14,0.13,0.07,0.07,0.08,39954.05,1637284.75,10.1,1.2,0.8,0.14,0.13
8322613.2,0.11,0.07,0.07,0.01,0.01,0.05,1.94,1.87,2.12,20.33,19.52,20.1,4.61,4.62,4.64,16.89,18.28,18.11,0.31,0.39,0.37,0.17,0.19,0.12,0.09,0.1,0.07,39954.35,1637297.29,9.72,1.01,0.63,0.15,0.15
8322601.82,0.11,0.08,0.05,0.04,0.02,0,1.97,2.07,1.99,20.48,19.34,20.01,4.29,4.35,4.57,17.27,17.22,18.04,0.46,0.45,0.32,0.19,0.11,0.09,0.05,0.08,0.07,39954.69,1637309.77,10.1,1.25,0.83,0.15,0.19
